Item Name,Year,Items Sold,Gross Sales,Items Refunded,Refunds,Discounts & Comps,Net Sales,Units Sold,Units Refunded,Category
001: fruity,2024,54,297.0,0,0.0,-4.74,292.26,54,0,Bakeshop Specials
002: choco,2024,73,438.0,0,0.0,-5.17,432.83,73,0,Bakeshop Specials
150 Mochi Donuts,2025,1,517.5,0,0.0,-103.5,414.0,1,0,Uncategorized
2 dozen mochi donuts,2024,1,84.0,0,0.0,0.0,84.0,1,0,Uncategorized
Acai Bowl,2024,1,3.5,0,0.0,-3.5,0.0,1,0,Mochi Donuts
Americano,2024,144,650.25,-1,-4.5,-52.8,592.95,144,-1,Espresso Drinks
Americano,2025,145,657.75,-2,-9.0,-33.17,615.58,145,-2,Espresso Drinks
Apricot Osmanthus Tea,2025,183,1144.75,-1,-6.25,-31.58,1106.92,183,-1,Uncategorized
BD Caramel Pear,2024,135,776.25,0,0.0,-3.45,772.8,135,0,Brioche Donuts
BD Lemon Cheesecake,2024,106,609.5,0,0.0,-3.45,606.05,106,0,Brioche Donuts
BD Yuzu Cream Cheese,2025,105,577.5,0,0.0,-12.37,565.13,105,0,Brioche Donuts
BD: Apple Pie,2024,116,638.0,-1,-5.5,-14.29,618.21,116,-1,Brioche Donuts
BD: Banana Caramel,2025,191,1050.5,0,0.0,-3.57,1046.93,191,0,Brioche Donuts
BD: Banana Cream Pie,2024,317,1696.25,0,0.0,-17.33,1678.92,317,0,Brioche Donuts
BD: Biscoff cheesecake,2025,129,709.5,0,0.0,-20.93,688.57,129,0,Brioche Donuts
BD: Black Earl Grey,2024,203,1120.5,0,0.0,-10.6,1109.9,203,0,Brioche Donuts
BD: Black Sesame,2024,37,222.0,0,0.0,-8.33,213.67,37,0,Brioche Donuts
BD: Black Sesame Berry,2024,179,1029.25,0,0.0,-12.69,1016.56,179,0,Brioche Donuts
BD: Blackberry Earl Grey,2024,104,598.0,0,0.0,-20.71,577.29,104,0,Brioche Donuts
BD: Boricha,2024,118,678.5,0,0.0,-20.12,658.38,118,0,Brioche Donuts
BD: Brown Sugar & Date Caramel,2024,116,696.0,-1,-6.0,-27.0,663.0,116,-1,Brioche Donuts
BD: Brown Sugar Caramel,2024,149,819.5,0,0.0,-10.3,809.2,149,0,Brioche Donuts
BD: Calamansi,2024,506,2783.0,-2,-11.0,-61.99,2710.01,506,-2,Brioche Donuts
BD: Che Thai,2024,166,913.0,-2,-11.0,-25.17,876.83,166,-2,Brioche Donuts
BD: Choc Citrus,2024,162,891.0,0,0.0,-20.91,870.09,162,0,Brioche Donuts
BD: Choc Sea Salt Cream,2025,129,709.5,0,0.0,-1.1,708.4,129,0,Brioche Donuts
BD: Chocolate Espresso,2024,163,855.75,0,0.0,-18.9,836.85,163,0,Brioche Donuts
BD: Coconut Sago Cream Mango,2024,17,97.75,0,0.0,-7.47,90.28,17,0,Brioche Donuts
BD: Cookie Butter,2025,140,770.0,0,0.0,-9.62,760.38,140,0,Brioche Donuts
BD: Cookies N' Cream,2024,106,530.0,0,0.0,-22.26,507.74,106,0,Brioche Donuts
BD: Creme Brulee,2024,351,2003.0,0,0.0,-26.83,1976.17,351,0,Brioche Donuts
BD: Creme Brulee,2025,129,709.5,0,0.0,-14.3,695.2,129,0,Brioche Donuts
BD: Dalgona,2024,78,409.5,0,0.0,0.0,409.5,78,0,Brioche Donuts
BD: Dark Chico Lingonberry,2024,108,594.0,0,0.0,-6.32,587.68,108,0,Brioche Donuts
BD: Dirty Chai,2024,152,798.0,0,0.0,-12.08,785.92,152,0,Brioche Donuts
BD: Dubai Chocolate,2025,307,1918.75,0,0.0,-20.47,1898.28,307,0,Brioche Donuts
BD: Earl Grey Chocolate,2024,474,2519.75,0,0.0,-48.9,2470.85,474,0,Brioche Donuts
BD: Everything Salmon,2024,116,696.0,0,0.0,-13.5,682.5,116,0,Brioche Donuts
BD: Everything Salmon,2025,77,462.0,0,0.0,-24.5,437.5,77,0,Brioche Donuts
BD: Ferrero Rocher,2024,495,2846.25,-2,-11.5,-59.23,2775.52,495,-2,Brioche Donuts
BD: Fig Honey Marscapone,2024,295,1696.25,0,0.0,-36.21,1660.04,295,0,Brioche Donuts
BD: Flan,2024,352,1936.0,-2,-11.0,-42.03,1882.97,352,-2,Brioche Donuts
BD: Goguma Brulee,2024,48,276.0,0,0.0,-7.16,268.84,48,0,Brioche Donuts
BD: Goguma Brulee,2025,107,615.25,0,0.0,-19.58,595.67,107,0,Brioche Donuts
BD: Guava Cream Cheese,2024,289,1589.5,0,0.0,-32.0,1557.5,289,0,Brioche Donuts
BD: Guava Cream Cheese,2025,169,929.5,0,0.0,-1.92,927.58,169,0,Brioche Donuts
BD: Hojicha & Caramel,2024,154,847.0,0,0.0,-18.11,828.89,154,0,Brioche Donuts
BD: Hojicha Maple,2024,145,761.25,0,0.0,-8.67,752.58,145,0,Brioche Donuts
BD: Hojicha Strawberry,2024,1,5.5,-1,-5.5,0.0,0.0,1,-1,Brioche Donuts
BD: Hojicha Strawberry Lychee,2024,124,713.0,-1,-5.75,-11.8,695.45,124,-1,Brioche Donuts
BD: Honey Miso,2024,115,661.25,0,0.0,-23.86,637.39,115,0,Brioche Donuts
BD: Honeydew,2024,57,313.5,0,0.0,-20.08,293.42,57,0,Brioche Donuts
BD: Injeolmi,2024,293,1758.0,0,0.0,-64.22,1693.78,293,0,Brioche Donuts
BD: Injeolmi,2025,123,738.0,0,0.0,-8.7,729.3,123,0,Brioche Donuts
BD: Japanese Curry,2024,162,972.0,0,0.0,-28.5,943.5,162,0,Brioche Donuts
BD: Jasmine & Mango,2024,124,713.0,0,0.0,-20.7,692.3,124,0,Brioche Donuts
BD: Jasmine Blood Orange,2024,145,797.5,0,0.0,-7.55,789.95,145,0,Brioche Donuts
BD: Jasmine Lychee,2024,128,704.0,0,0.0,-11.55,692.45,128,0,Mochi Donuts
BD: Jasmine Mandarin,2024,159,914.25,0,0.0,-30.15,884.1,159,0,Brioche Donuts
BD: Jasmine Peach,2024,74,407.0,0,0.0,-12.65,394.35,74,0,Brioche Donuts
BD: Jasmine Strawberry,2024,183,960.75,-1,-5.25,-14.97,940.53,183,-1,Brioche Donuts
BD: Key Lime Yuzu Pie,2024,135,742.5,0,0.0,-22.26,720.24,135,0,Brioche Donuts
BD: Kinako Azuki,2024,160,880.0,0,0.0,-9.35,870.65,160,0,Brioche Donuts
BD: Korean Potato,2024,309,1692.25,0,0.0,-17.83,1674.42,309,0,Brioche Donuts
BD: Lemon Blueberry,2024,107,561.75,-1,-5.25,-19.95,536.55,107,-1,Brioche Donuts
BD: Lemon Pesto,2024,121,726.0,0,0.0,-9.06,716.94,121,0,Brioche Donuts
BD: Mandarin & Cream,2024,156,858.0,0,0.0,-7.15,850.85,156,0,Brioche Donuts
BD: Mandarin Creamsicle,2024,142,781.0,0,0.0,-9.35,771.65,142,0,Brioche Donuts
BD: Mango Lychee Calpico,2024,105,577.5,0,0.0,-13.94,563.56,105,0,Brioche Donuts
BD: Mango Passionfruit,2024,174,957.0,-1,-5.5,-9.41,942.09,174,-1,Brioche Donuts
BD: Mango Sago,2024,153,879.75,-1,-5.75,-13.22,860.78,153,-1,Brioche Donuts
BD: Mango Sago,2025,181,1040.75,-1,-5.75,-9.79,1025.21,181,-1,Brioche Donuts
BD: Mango Sticky Rice,2024,860,5160.0,0,0.0,-120.56,5039.44,860,0,Brioche Donuts
BD: Mango Sticky Rice,2025,292,1752.0,0,0.0,-28.5,1723.5,292,0,Brioche Donuts
BD: Mango matcha,2025,1,5.5,-1,-5.5,0.0,0.0,1,-1,Brioche Donuts
BD: Matcha Anko,2024,176,1012.0,-1,-5.75,-34.5,971.75,176,-1,Brioche Donuts
BD: Matcha Mango,2024,139,764.5,0,0.0,-18.42,746.08,139,0,Brioche Donuts
BD: Matcha Raspberry,2025,196,1127.0,0,0.0,-16.66,1110.34,196,0,Brioche Donuts
BD: Matcha Raspberry Lychee,2025,3,17.25,0,0.0,0.0,17.25,3,0,Brioche Donuts
BD: Matcha Strawberry,2024,337,1894.0,-3,-16.75,-13.05,1864.2,337,-3,Brioche Donuts
BD: Matcha Strawberry Lychee,2025,96,552.0,-1,-5.75,-8.06,538.19,96,-1,Brioche Donuts
BD: Matcha Strawberry Passionfruit,2024,127,730.25,0,0.0,-8.92,721.33,127,0,Brioche Donuts
BD: Matcha Yuzu Lemon,2024,152,874.0,0,0.0,-5.17,868.83,152,0,Brioche Donuts
BD: Melona,2024,113,621.5,0,0.0,-1.64,619.86,113,0,Brioche Donuts
BD: Okinawa Milk Tea Boba,2024,109,599.5,-1,-5.5,-17.24,576.76,109,-1,Brioche Donuts
BD: Okinawa Milk Tea Boba,2025,93,511.5,0,0.0,-18.7,492.8,93,0,Brioche Donuts
BD: Oolong Lychee,2024,157,863.5,0,0.0,-8.14,855.36,157,0,Brioche Donuts
BD: Oolong Peach & Cream,2024,144,792.0,0,0.0,-5.5,786.5,144,0,Brioche Donuts
BD: Osmanthus Tangerine,2025,121,684.0,0,0.0,-16.26,667.74,121,0,Brioche Donuts
BD: P.O.G.,2025,150,862.5,0,0.0,-4.94,857.56,150,0,Brioche Donuts
BD: Pandan & Mango,2024,324,1782.0,0,0.0,-38.68,1743.32,324,0,Brioche Donuts
BD: Passionfruit,2024,746,4103.0,0,0.0,-83.79,4019.21,746,0,Brioche Donuts
BD: Passionfruit,2025,164,902.0,0,0.0,-50.54,851.46,164,0,Brioche Donuts
BD: Peanut Butter Toffee Crunch,2024,148,777.0,0,0.0,-10.49,766.51,148,0,Brioche Donuts
BD: Pineapple Dole Whip,2024,151,830.5,0,0.0,-6.05,824.45,151,0,Brioche Donuts
BD: Raspberry Cream,2024,164,902.0,0,0.0,-13.49,888.51,164,0,Brioche Donuts
BD: Raspberry Cream,2025,143,786.5,0,0.0,-24.78,761.72,143,0,Brioche Donuts
BD: Raspberry Curd,2024,108,594.0,0,0.0,-20.39,573.61,108,0,Brioche Donuts
BD: Raspberry Curd,2025,1,5.5,0,0.0,-2.75,2.75,1,0,Brioche Donuts
BD: Raspberry Lychee Cream,2024,173,951.5,0,0.0,-12.92,938.58,173,0,Brioche Donuts
BD: Salted Espresso,2025,84,462.0,0,0.0,-14.85,447.15,84,0,Brioche Donuts
BD: Sea Salt Green Thai Tea,2025,185,1017.5,0,0.0,-4.4,1013.1,185,0,Brioche Donuts
BD: Spiced Goguma,2024,125,656.25,0,0.0,-3.42,652.83,125,0,Brioche Donuts
BD: Spiced Pear,2025,134,770.5,0,0.0,-15.24,755.26,134,0,Brioche Donuts
BD: Ssuk,2024,157,863.5,0,0.0,-15.94,847.56,157,0,Brioche Donuts
BD: Strawberry Cannoli,2025,104,598.0,0,0.0,-13.59,584.41,104,0,Brioche Donuts
BD: Strawberry Coconut Sago,2024,143,786.5,0,0.0,-26.95,759.55,143,0,Brioche Donuts
BD: Strawberry Sago,2024,173,951.5,0,0.0,-13.75,937.75,173,0,Brioche Donuts
BD: Strawberry Sago,2025,98,539.0,-1,-5.5,-28.6,504.9,98,-1,Brioche Donuts
BD: Strawberry Sakura,2024,184,1012.0,0,0.0,-18.98,993.02,184,0,Brioche Donuts
BD: Strawberry Sando,2024,25,150.0,-1,-6.0,0.0,144.0,25,-1,Uncategorized
BD: Strawberry Sando,2025,126,1102.5,0,0.0,-13.13,1089.37,126,0,Brioche Donuts
BD: Sweet Heart Cherry Pie,2024,116,638.0,0,0.0,-13.75,624.25,116,0,Brioche Donuts
BD: S’mores,2025,83,477.25,0,0.0,-7.85,469.4,83,0,Brioche Donuts
BD: Tang Yuan Black Sesame,2024,134,804.0,-1,-6.0,-12.3,785.7,134,-1,Brioche Donuts
BD: Tang Yuan Black Sesame,2025,102,561.0,0,0.0,-7.15,553.85,102,0,Brioche Donuts
BD: Thai Tea Boba,2024,654,3473.25,0,0.0,-60.2,3413.05,654,0,Brioche Donuts
BD: Tiramisu,2024,601,3488.5,-2,-11.75,-76.5,3400.25,601,-2,Brioche Donuts
BD: Tiramisu,2025,318,1908.0,-1,-6.0,-29.7,1872.3,318,-1,Brioche Donuts
BD: Triple Raspberry,2024,290,1627.25,-2,-11.0,-46.62,1569.63,290,-2,Brioche Donuts
BD: Ube,2024,431,2291.0,-1,-5.25,-32.94,2252.81,431,-1,Brioche Donuts
BD: Ube Tres Leche,2024,107,561.75,0,0.0,-17.87,543.88,107,0,Brioche Donuts
BD: Valentines Day,2024,54,297.0,-2,-11.0,-7.66,278.34,54,-2,Brioche Donuts
BD: Vanilla Azuki,2024,122,671.0,0,0.0,-12.09,658.91,122,0,Brioche Donuts
BD: White Chocolate Raspberry,2024,103,566.5,-1,-5.5,-8.49,552.51,103,-1,Brioche Donuts
BD: White Peach Lychee Cream,2025,147,845.25,0,0.0,-5.17,840.08,147,0,Brioche Donuts
BD: White Peach Lychee Marscapone,2024,173,951.75,0,0.0,-15.92,935.83,173,0,Brioche Donuts
BD: White Peach Lychee Marscapone,2025,25,137.5,0,0.0,-4.0,133.5,25,0,Brioche Donuts
BD: Yuja Calamansi,2025,287,1578.5,0,0.0,-26.78,1551.72,287,0,Brioche Donuts
BD: Yuzu,2024,123,707.25,0,0.0,-12.1,695.15,123,0,Brioche Donuts
BD: Yuzu Lemon,2024,150,825.0,0,0.0,-6.61,818.39,150,0,Brioche Donuts
BD: Yuzu Lemon,2025,140,770.0,0,0.0,-10.73,759.27,140,0,Brioche Donuts
BD:Ube boba,2024,118,678.5,0,0.0,-10.94,667.56,118,0,Brioche Donuts
Banana Caramel,2025,3,16.5,0,0.0,0.0,16.5,3,0,Brioche Donuts
Banana Cream Top,2024,627,4394.25,0,0.0,-102.51,4291.74,627,0,Espresso Drinks
Banana Cream Top,2025,1825,12793.5,-12,-85.5,-238.79999999999998,12469.199999999999,1825,-12,Espresso Drinks
Banana Hojicha,2025,217,1552.05,0,0.0,-59.69,1492.36,217,0,Hojicha Drinks
Banana Latte,2024,626,4384.0,-6,-42.0,-154.38,4187.62,626,-6,Espresso Drinks
Banana Matcha,2024,611,4435.5,-1,-7.25,-48.56,4379.69,611,-1,Matcha Drinks
Banana Matcha,2025,3535,25949.2,-3,-21.95,-352.19,25575.06,3535,-3,Matcha Drinks
Banana Oreo,2025,71,248.5,0,0.0,-5.77,242.73,71,0,Mochi Donuts
Barley Tea Big Cup,2024,22,0.0,0,0.0,0.0,0.0,22,0,Café: Misc.
Barley Tea Big Cup,2025,30,0.0,0,0.0,0.0,0.0,30,0,Café: Misc.
Black Sesame Caramel,2024,185,647.5,0,0.0,-15.92,631.58,185,0,Mochi Donuts
Black Sesame Cream On Side,2025,5,3.75,0,0.0,0.0,3.75,5,0,Uncategorized
Black Sesame Cream Top,2024,5898,41804.5,-16,-113.5,-1084.95,40606.05,5898,-16,Espresso Drinks
Black Sesame Cream Top,2025,5737,40615.25,-15,-106.0,-700.45,39808.8,5737,-15,Espresso Drinks
Black Sesame Loaf,2025,24,168.0,0,0.0,-1.05,166.95,24,0,Gf Mochi Donuts
Black Sesame Orange Cookie,2025,225,1068.75,0,0.0,-19.72,1049.03,225,0,Gf Mochi Donuts
Blueberry Milk,2025,69,435.25,0,0.0,-25.64,409.61,69,0,Café: Misc.
Blueberry Scone,2024,20,80.0,0,0.0,-7.0,73.0,20,0,Mochi Donuts
Butterfly Lav. Lemonade,2024,4,23.0,0,0.0,0.0,23.0,4,0,Yuzu Lemonade
Butterfly Lychee Ade,2025,31,201.5,0,0.0,-28.9,172.6,31,0,Café: Misc.
CH: Hojicha Caramel,2024,41,235.75,-1,-5.75,-13.3,216.7,41,-1,Bakeshop Specials
CH: Strawberry,2024,45,247.5,-1,-5.5,-12.73,229.27,45,-1,Bakeshop Specials
Carrot Cake Espresso Cream Top,2025,246,1800.25,-1,-7.25,-38.22,1754.78,246,-1,Uncategorized
Carrot Cake Hojicha Cream Top,2025,107,803.5,0,0.0,-64.09,739.41,107,0,Uncategorized
Carrot Cake Matcha Cream Top,2025,397,3056.8999999999996,-1,-7.7,-55.040000000000006,2994.16,397,-1,Uncategorized
Chocolate Loaf Cake,2025,283,1929.5,0,0.0,-75.55,1853.9499999999998,283,0,Brioche Donuts
Chocolate Mochi Muffin,2024,1290,5495.25,0,0.0,-118.60000000000001,5376.65,1290,0,Mochi Donuts
Chocolate Passion fruit,2025,96,336.0,0,0.0,-8.4,327.6,96,0,Mochi Donuts
Chocolate Passionfruit Loaf,2025,41,276.75,0,0.0,-11.82,264.93,41,0,Brioche Donuts
Cinnamon Sugar,2025,5,16.25,0,0.0,0.0,16.25,5,0,Uncategorized
Coconut Butterfly Cloud,2025,78,558.0,0,0.0,-31.37,526.63,78,0,Café: Misc.
Coconut Lychee Cream Top,2025,44,337.25,0,0.0,-18.54,318.71,44,0,Café: Misc.
Coconut Matcha Cloud,2024,1370,9269.5,-7,-47.0,-323.99,8898.51,1370,-7,Café: Other Drinks
Coconut Matcha Cloud,2025,2271,16035.75,-2,-14.0,-383.21000000000004,15638.54,2271,-2,Matcha Drinks
Coconut Pandan Cloud,2025,66,430.25,0,0.0,-12.67,417.58,66,0,Café: Misc.
Combo Rice & Chicken,2025,89,1246.0,-3,-42.0,-37.1,1166.9,89,-3,Misc
Cookie Butter Espresso Cream Top,2025,2268,16016.75,-16,-112.0,-342.39,15562.36,2268,-16,Espresso Drinks
Cookie Butter Hojicha Cream Top,2025,1058,7961.3,-3,-22.5,-173.89,7764.91,1058,-3,Hojicha Drinks
Cookie Tin,2025,30,450.0,0,0.0,-7.5,442.5,30,0,Brioche Donuts
Cookie box,2024,64,1280.0,0,0.0,-6.0,1274.0,64,0,Gf Mochi Donuts
Corn Espresso Cream Top,2025,55,385.0,0,0.0,-13.65,371.35,55,0,Espresso Drinks
Corn Hojicha Cream Top,2025,55,404.25,0,0.0,-35.81,368.44,55,0,Uncategorized
Corn Matcha Cream Top,2025,72,529.2,0,0.0,-25.9,503.3,72,0,Uncategorized
Cream,2024,3,2.5,0,0.0,0.0,2.5,3,0,Uncategorized
Cream Top,2024,1073,6446.75,-10,-60.0,-150.17,6236.58,1073,-10,Espresso Drinks
Cream Top,2025,941,5680.25,-5,-31.0,-111.6,5537.65,941,-5,Espresso Drinks
Cup Coconut Water,2025,1,3.0,0,0.0,-1.5,1.5,1,0,Café: Misc.
Double Matcha,2025,2228,17511.35,0,0.0,-333.03,17178.32,2228,0,Matcha Drinks
Earl Grey Espresso,2025,132,932.5,-1,-7.0,-15.3,910.2,132,-1,Café: Misc.
Earl Grey Hojicha,2025,230,1728.0,0,0.0,-64.15,1663.85,230,0,Café: Misc.
Earl Grey Matcha,2025,665,5127.25,0,0.0,-104.92,5022.33,665,0,Matcha Drinks
Egg Coffee,2024,189,1228.5,-1,-6.5,-34.78,1187.22,189,-1,Espresso Drinks
Egg Sando / Fries,2025,40,480.0,0,0.0,-31.2,448.8,40,0,Bakeshop Specials
Egg Tart,2024,633,1241.2,0,0.0,-50.16,1191.04,633,0,Bakeshop Specials
Einspanner: Espresso,2024,9237,63188.25,-30,-206.5,-1252.08,61729.67,9237,-30,Espresso Drinks
Einspanner: Espresso,2025,9875,67497.0,-18,-124.0,-737.18,66635.82,9875,-18,Espresso Drinks
Einspanner: Hojicha,2024,3092,21650.0,-10,-70.0,-360.37,21219.63,3092,-10,Hojicha Drinks
Einspanner: Hojicha,2025,3493,25213.5,-4,-29.0,-268.9,24915.6,3493,-4,Hojicha Drinks
Einspanner: Matcha,2024,12818,89761.0,-27,-189.0,-1251.54,88320.46,12818,-27,Matcha Drinks
Einspanner: Matcha,2025,19882,145802.1,-27,-196.5,-1524.62,144080.98,19882,-27,Matcha Drinks
Espresso Double Shot,2025,21,31.5,-1,-1.5,0.0,30.0,21,-1,Add-Ons
Espresso Latte,2024,176,931.0,-2,-10.5,-34.21,886.29,176,-2,Espresso Drinks
Espresso Latte,2025,183,967.0,0,0.0,-63.1,903.9,183,0,Espresso Drinks
Espresso Single Shot,2025,8,12.0,0,0.0,-0.22,11.78,8,0,Espresso Drinks
Extra Black Sesame,2025,33,24.75,0,0.0,-0.75,24.0,33,0,Add-Ons
Extra Cream,2024,237,118.5,-3,-1.5,-1.08,115.92,237,-3,Uncategorized
Extra Cream,2025,366,183.0,0,0.0,-2.54,180.46,366,0,Add-Ons
First Visit,2024,35,0.0,0,0.0,0.0,0.0,35,0,Café: Misc.
Fresas Con Crema Shortcake,2025,23,356.5,0,0.0,-25.57,330.93,23,0,Kinmush
GF Blueberry donut,2024,46,138.0,0,0.0,-3.0,135.0,46,0,Gf Mochi Donuts
GF ssuk donut,2024,47,152.75,0,0.0,-19.5,133.25,47,0,Gf Mochi Donuts
GF: black sésame donut,2024,42,126.0,0,0.0,-1.65,124.35,42,0,Mochi Muffins
GFD passion fruit blueberry,2024,91,295.75,0,0.0,-10.08,285.67,91,0,Gf Mochi Donuts
GFD: Almond Dark,2024,76,247.0,0,0.0,-4.88,242.12,76,0,Gf Mochi Donuts
GFD: Apple Cider,2024,168,546.0,0,0.0,-16.07,529.93,168,0,Gf Mochi Donuts
GFD: Black Sésame,2024,84,273.0,0,0.0,-1.3,271.7,84,0,Gf Mochi Donuts
GFD: Black Sésame,2025,46,149.5,-1,-3.25,-2.56,143.69,46,-1,Gf Mochi Donuts
GFD: Blueberry Chocolate,2024,191,620.75,0,0.0,-7.46,613.29,191,0,Gf Mochi Donuts
GFD: Blueberry Passionfruit,2024,166,539.5,0,0.0,-0.33,539.17,166,0,Gf Mochi Donuts
GFD: Choc Peanut Butter,2024,30,97.5,0,0.0,0.0,97.5,30,0,Gf Mochi Donuts
GFD: Choco. Peanut Butter,2024,121,393.25,0,0.0,-7.48,385.77,121,0,Gf Mochi Donuts
GFD: Choco. Sprinkles,2024,36,117.0,0,0.0,-9.1,107.9,36,0,Gf Mochi Donuts
GFD: Chocolate Pomegranate,2024,69,224.25,0,0.0,-3.25,221.0,69,0,Gf Mochi Donuts
GFD: Coffee Choco,2024,196,637.0,0,0.0,-3.42,633.58,196,0,Gf Mochi Donuts
GFD: Cranberry Spiced,2024,164,533.0,0,0.0,-7.0,526.0,164,0,Gf Mochi Donuts
GFD: Genmaicha,2024,159,516.75,0,0.0,-7.32,509.43,159,0,Gf Mochi Donuts
GFD: Honey Rose Orange,2024,117,380.25,0,0.0,-4.71,375.54,117,0,Gf Mochi Donuts
GFD: Horchata,2024,183,594.75,0,0.0,-3.56,591.19,183,0,Gf Mochi Donuts
GFD: Key Lime,2024,90,292.5,0,0.0,-2.11,290.39,90,0,Gf Mochi Donuts
GFD: Lemon Yuzu,2024,81,263.25,0,0.0,-0.98,262.27,81,0,Gf Mochi Donuts
GFD: Mango Calamansi,2024,218,708.5,0,0.0,-2.6,705.9,218,0,Gf Mochi Donuts
GFD: Mango Calpico,2024,54,175.5,0,0.0,-1.46,174.04,54,0,Gf Mochi Donuts
GFD: Mango pineapple,2024,36,117.0,0,0.0,0.0,117.0,36,0,Gf Mochi Donuts
GFD: Matcha,2024,181,633.5,0,0.0,-5.39,628.11,181,0,Gf Mochi Donuts
GFD: Matcha Black Sesame Donut,2024,94,296.1,0,0.0,-5.43,290.67,94,0,Gf Mochi Donuts
GFD: Matcha Chocolate,2024,164,533.0,-1,-3.25,-11.87,517.88,164,-1,Gf Mochi Donuts
GFD: Matcha Coconut,2024,87,282.75,0,0.0,-4.38,278.37,87,0,Gf Mochi Muffins
GFD: Matcha Matcha,2024,38,123.5,0,0.0,-3.25,120.25,38,0,Gf Mochi Donuts
GFD: Matcha Orange,2024,97,315.25,0,0.0,-7.79,307.46,97,0,Gf Mochi Donuts
GFD: Matcha Strawberry Donut,2024,475,1614.0,0,0.0,-19.71,1594.29,475,0,Gf Mochi Donuts
GFD: Matcha Yuzu,2024,306,1013.5,0,0.0,-13.559999999999999,999.9399999999999,306,0,Gf Mochi Donuts
GFD: Matcha raspberry,2024,19,66.5,0,0.0,-0.52,65.98,19,0,Gf Mochi Donuts
GFD: Matcha strawberry,2024,49,159.25,0,0.0,-0.32,158.93,49,0,Mochi Donuts
GFD: Mexican Hot Cocoa,2024,102,331.5,0,0.0,-7.48,324.02,102,0,Gf Mochi Donuts
GFD: Passionfruit,2024,132,429.0,-1,-3.25,-4.22,421.53,132,-1,Gf Mochi Donuts
GFD: Passionfruit Raspberry,2024,87,282.75,-1,-3.25,-4.06,275.44,87,-1,Gf Mochi Donuts
GFD: Piña Colada,2024,45,146.25,0,0.0,0.0,146.25,45,0,Gf Mochi Donuts
GFD: Pumpkin Spice,2024,121,393.25,0,0.0,-4.71,388.54,121,0,Gf Mochi Donuts
GFD: Rasp. White Choco,2024,109,354.25,0,0.0,-4.86,349.39,109,0,Gf Mochi Donuts
GFD: Raspberry,2024,427,1387.75,0,0.0,-20.94,1366.81,427,0,Gf Mochi Donuts
GFD: Raspberry Lychee,2024,151,490.75,-1,-3.25,-10.07,477.43,151,-1,Gf Mochi Donuts
GFD: Strawb Yuzu,2025,87,282.75,0,0.0,-5.36,277.39,87,0,Gf Mochi Donuts
GFD: Strawberry Donut,2024,93,292.95,0,0.0,-3.15,289.8,93,0,Gf Mochi Donuts
GFD: Strawberry Mango,2024,128,416.0,0,0.0,-12.53,403.47,128,0,Gf Mochi Donuts
GFD: Strawberry yuzu,2025,43,139.75,0,0.0,-4.36,135.39,43,0,Gf Mochi Donuts
GFD: Thai Tea Donut,2024,233,745.15,0,0.0,-9.06,736.0899999999999,233,0,Gf Mochi Donuts
GFD: Tiramisu,2024,81,263.25,0,0.0,-1.62,261.63,81,0,Gf Mochi Donuts
GFD: Ube Coconut,2024,63,204.75,0,0.0,0.0,204.75,63,0,Gf Mochi Donuts
GFD: Ube Coconut,2025,43,139.75,0,0.0,-2.27,137.48,43,0,Gf Mochi Donuts
GFD: White Peach Lychee,2024,126,409.5,-1,-3.25,-4.72,401.53,126,-1,Gf Mochi Donuts
GFD: choc pistachio,2024,46,149.5,0,0.0,-1.94,147.56,46,0,Gf Mochi Donuts
GFD: chocolate strawberry,2024,225,731.25,-2,-6.5,-22.09,702.66,225,-2,Gf Mochi Donuts
GFD: guava coconut,2024,500,1625.0,0,0.0,-16.96,1608.04,500,0,Gf Mochi Donuts
GFD: guava dark choco,2024,47,152.75,0,0.0,0.0,152.75,47,0,Gf Mochi Donuts
GFD: jasmine,2024,31,100.75,0,0.0,0.0,100.75,31,0,Gf Mochi Donuts
GFD: mango peach,2024,163,529.75,-2,-6.5,-6.02,517.23,163,-2,Gf Mochi Donuts
GFD: matcha passion fruit,2024,25,83.25,0,0.0,-3.73,79.52,25,0,Gf Mochi Donuts
GFD: matcha yuzu,2024,80,240.0,0,0.0,-9.45,230.55,80,0,Gf Mochi Donuts
GFD: strawberry,2024,94,305.5,0,0.0,-2.26,303.24,94,0,Gf Mochi Donuts
GFD: triple Berry,2024,106,344.5,0,0.0,-5.84,338.66,106,0,Gf Mochi Donuts
GFD: yuzu,2024,20,65.0,0,0.0,-1.14,63.86,20,0,Gf Mochi Donuts
GFD:Cranberry Spice,2024,31,100.75,0,0.0,-2.11,98.64,31,0,Gf Mochi Donuts
GFD:Thai Tea,2024,3,12.75,0,0.0,-4.25,8.5,3,0,Uncategorized
GFD:black sesame raspberry,2024,95,308.75,0,0.0,-1.79,306.96,95,0,Gf Mochi Donuts
GFM - TBD,2024,30,127.5,0,0.0,0.0,127.5,30,0,Uncategorized
GFM Kinako,2024,150,487.5,0,0.0,-4.23,483.27,150,0,Gf Mochi Donuts
GFM: Chocolate,2024,1740,7464.5,0,0.0,-137.69,7326.81,1740,0,Gf Mochi Muffins
GFM: Chocolate,2025,1996,8483.0,-1,-4.25,-135.73,8343.02,1996,-1,Gf Mochi Muffins
GFM: Hojicha,2024,315,1417.5,0,0.0,-50.82,1366.68,315,0,Gf Mochi Muffins
GFM: Hojicha,2025,1,4.5,0,0.0,0.0,4.5,1,0,Gf Mochi Muffins
GFM: Lemon,2024,220,935.0,0,0.0,-23.18,911.82,220,0,Gf Mochi Muffins
GFM: Matcha,2024,278,1202.0,0,0.0,-24.97,1177.03,278,0,Gf Mochi Muffins
GFM: Pandan,2024,2177,9252.25,-1,-4.25,-131.42,9116.58,2177,-1,Gf Mochi Muffins
GFM: Pandan,2025,4264,18122.0,-9,-38.25,-205.64,17878.11,4264,-9,Gf Mochi Muffins
GFM: Pandan Muffin,2024,761,3234.25,0,0.0,-76.92,3157.33,761,0,Gf Mochi Muffins
GFM: Strawberry Sprinkle,2024,173,562.25,0,0.0,-3.18,559.07,173,0,Gf Mochi Donuts
GFM: Ube,2024,4146,17640.75,-3,-12.75,-295.81,17332.19,4146,-3,Gf Mochi Muffins
GFM: Ube,2025,9359,39775.75,-12,-51.0,-454.9,39269.85,9359,-12,Gf Mochi Muffins
GFM: pandan,2024,1,4.25,0,0.0,0.0,4.25,1,0,Uncategorized
Glutenous Rice,2025,17,136.0,-1,-8.0,0.0,128.0,17,-1,Café: Misc.
Golden Kiwi Spritz,2025,119,743.75,0,0.0,-55.33,688.42,119,0,Café: Misc.
Green Thai Tea,2024,837,5223.75,-4,-25.0,-135.56,5063.19,837,-4,Café: Other Drinks
Green Thai Tea,2025,119,688.25,-1,-5.5,-20.45,662.3,119,-1,Uncategorized
Guava Lemonade,2025,33,173.25,0,0.0,0.0,173.25,33,0,Uncategorized
Guava Matcha Latte,2025,418,3036.75,-1,-7.0,-54.97,2974.78,418,-1,Matcha Drinks
Hojicha BB Cookie,2025,403,1869.5,0,0.0,-25.97,1843.53,403,0,Mochi Donuts
Hojicha Black Sesame,2024,2355,17081.75,-1,-7.25,-500.23,16574.27,2355,-1,Hojicha Drinks
Hojicha Black Sesame,2025,3255,24340.75,-5,-37.5,-556.65,23746.6,3255,-5,Hojicha Drinks
Hojicha Persimmon Latte,2025,14,101.5,0,0.0,-7.25,94.25,14,0,Café: Misc.
Hojicha Strawberry,2024,1281,9303.75,0,0.0,-379.34,8924.41,1281,0,Hojicha Drinks
Hojicha Strawberry,2025,1678,12323.85,-5,-36.25,-246.22,12041.38,1678,-5,Hojicha Drinks
Hojicha mochi muffin,2024,786,3485.25,-1,-4.5,-74.97,3405.78,786,-1,Mochi Donuts
Honey Lav Espresso Latte,2024,115,663.75,0,0.0,-41.14,622.61,115,0,Espresso Drinks
Honey Lav Espresso Latte,2025,212,1228.5,0,0.0,-98.66,1129.84,212,0,Espresso Drinks
Horchata Caramel Cake,2025,26,416.0,0,0.0,-12.72,403.28,26,0,Kinmush
Iced Americano,2024,1,3.5,0,0.0,-3.5,0.0,1,0,Espresso Drinks
JY: Madeline,2024,4,16.0,0,0.0,0.0,16.0,4,0,Brioche Donuts
JY: Misu Cookie,2024,4,20.0,0,0.0,0.0,20.0,4,0,Brioche Donuts
JY: Ssuk Marble,2024,5,35.0,0,0.0,0.0,35.0,5,0,Brioche Donuts
Jasmine Oat Latte,2024,2290,13216.5,-10,-57.5,-432.33,12726.67,2290,-10,Espresso Drinks
Jasmine Oat Latte,2025,1961,11307.25,-4,-23.0,-169.31,11114.94,1961,-4,Espresso Drinks
Jasmine Sea Salt Cream Top,2025,892,5356.0,-1,-6.0,-144.93,5205.07,892,-1,Café: Misc.
Jasmine mochi donut (GFD),2024,108,351.0,0,0.0,-4.06,346.94,108,0,Gf Mochi Donuts
Kabocha Espresso,2024,143,986.5,0,0.0,-23.03,963.47,143,0,Espresso Drinks
Kabocha Espresso,2025,118,827.0,-1,-7.0,-9.1,810.9,118,-1,Espresso Drinks
Kabocha Hojicha,2024,168,1212.5,0,0.0,-45.84,1166.66,168,0,Café: Other Drinks
Kabocha Hojicha,2025,115,837.05,0,0.0,-31.31,805.74,115,0,Hojicha Drinks
Kabocha Milk,2025,33,223.25,0,0.0,-22.27,200.98,33,0,Café: Misc.
Kabocha Spice Espresso Cream Top,2024,31,217.0,0,0.0,-8.05,208.95,31,0,Espresso Drinks
Kabocha Spice Hojicha Cream Top,2024,35,262.5,0,0.0,-17.99,244.51,35,0,Café: Other Drinks
KiKi Cookie,2024,13,19.5,0,0.0,0.0,19.5,13,0,Mochi Donuts
Kids Cup,2024,1323,0.0,-3,0.0,0.0,0.0,1323,-3,Café: Misc.
Kids Cup,2025,1153,0.0,0,0.0,0.0,0.0,1153,0,Café: Misc.
Large Cream,2025,22,33.0,0,0.0,-0.97,32.03,22,0,Café: Misc.
Latte: Hojicha,2024,828,5591.25,-2,-13.5,-333.17,5244.58,828,-2,Hojicha Drinks
Latte: Hojicha,2025,1230,8320.75,-4,-27.0,-173.69,8120.06,1230,-4,Hojicha Drinks
Latte: Matcha,2024,2818,19039.5,-10,-67.5,-464.86,18507.14,2818,-10,Matcha Drinks
Latte: Matcha,2025,4867,33531.6,-8,-54.9,-484.66,32992.04,4867,-8,Matcha Drinks
Lav. Lemonade,2024,13,68.25,0,0.0,-2.62,65.63,13,0,Café: Other Drinks
Lavender Lemonade,2024,1,5.25,0,0.0,0.0,5.25,1,0,Yuzu Lemonade
Lavender Lemonade,2025,1,5.25,0,0.0,0.0,5.25,1,0,Yuzu Lemonade
Lemon Shortbread,2024,21,31.5,0,0.0,-0.45,31.05,21,0,Mochi Donuts
Lemon Yuzu Lemonade,2024,55,275.0,0,0.0,-19.5,255.5,55,0,Café: Other Drinks
Lemon Yuzu Lemonade,2025,62,310.0,0,0.0,-9.25,300.75,62,0,Yuzu Lemonade
Lemon Yuzu Sparkling Ade,2024,15,67.5,-2,-9.0,-2.25,56.25,15,-2,Café: Other Drinks
MD : Yuzu calamasi,2025,638,2233.0,-1,-3.5,-22.4,2207.1,638,-1,Mochi Donuts
MD Boo-Ube,2025,466,1631.0,0,0.0,-8.76,1622.24,466,0,Mochi Donuts
MD Earl Grey Banana,2025,450,1575.0,0,0.0,-14.16,1560.84,450,0,Mochi Donuts
MD Mango Yuzu,2025,513,1795.5,0,0.0,-16.78,1778.72,513,0,Mochi Donuts
MD Strawberry Pistachio,2025,601,2103.5,0,0.0,-6.2,2097.3,601,0,Mochi Donuts
MD White Peach Guava,2025,545,1961.9,0,0.0,-15.38,1946.52,545,0,Mochi Donuts
MD earl Grey Black Sesame,2025,697,2439.5,0,0.0,-15.75,2423.75,697,0,Mochi Donuts
MD/white peaches N cream,2025,493,1725.5,0,0.0,-16.8,1708.7,493,0,Mochi Donuts
MD: Abuelita,2024,441,1323.0,0,0.0,-6.82,1316.18,441,0,Mochi Donuts
MD: Abuelita,2025,19,66.5,0,0.0,0.0,66.5,19,0,Mochi Donuts
MD: Acai Bowl,2024,298,1043.0,0,0.0,-8.58,1034.42,298,0,Mochi Donuts
MD: Almond Cookie,2024,732,2373.5,-2,-6.0,-36.68,2330.82,732,-2,Mochi Donuts
MD: Anko,2025,70,245.0,0,0.0,-5.77,239.23,70,0,Bakeshop Specials
MD: Apple Cider,2024,346,1209.0,0,0.0,-3.5,1205.5,346,0,Mochi Donuts
MD: Baklava,2024,460,1610.0,-1,-3.5,-21.31,1585.19,460,-1,Mochi Donuts
MD: Banana Coffee,2024,464,1461.6,0,0.0,-33.99,1427.61,464,0,Mochi Donuts
MD: Banana Cream Pie,2025,942,3297.0,-2,-7.0,-19.07,3270.93,942,-2,Mochi Donuts
MD: Banana Foster,2024,480,1680.0,0,0.0,-17.29,1662.71,480,0,Mochi Donuts
MD: Banana Kick,2025,483,1690.5,0,0.0,-13.43,1677.07,483,0,Mochi Donuts
MD: Banana Milk,2024,487,1660.5,0,0.0,-32.84,1627.66,487,0,Mochi Donuts
MD: Banana Milk,2025,609,2131.5,0,0.0,-27.65,2103.85,609,0,Mochi Donuts
MD: Banana Oreo,2025,428,1498.0,0,0.0,-25.21,1472.79,428,0,Mochi Donuts
MD: Banana Split,2024,495,1608.75,0,0.0,-33.05,1575.7,495,0,Mochi Donuts
MD: Berry Chantilly,2025,660,2475.0,0,0.0,-29.59,2445.41,660,0,Mochi Donuts
MD: Berry Pie,2025,551,1928.5,-1,-3.5,-19.41,1905.59,551,-1,Mochi Donuts
MD: Biscoff,2025,558,1953.0,-1,-3.5,-9.46,1940.04,558,-1,Mochi Donuts
MD: Biscoff Chai,2025,284,994.0,0,0.0,-11.55,982.45,284,0,Mochi Donuts
MD: Black Forest,2025,532,1862.0,0,0.0,-8.22,1853.78,532,0,Mochi Donuts
MD: Black Sesame,2024,128,416.0,0,0.0,-4.88,411.12,128,0,Mochi Donuts
MD: Black Sesame Caramel,2024,89,311.5,0,0.0,-0.35,311.15,89,0,Mochi Donuts
MD: Black Sesame Crumble,2025,474,1659.0,0,0.0,-13.83,1645.17,474,0,Mochi Donuts
MD: Black Sesame Jasmine,2025,629,2201.5,-1,-3.5,-35.36,2162.64,629,-1,Mochi Donuts
MD: Black Sesame Raspberry,2024,481,1611.35,0,0.0,-23.96,1587.39,481,0,Mochi Donuts
MD: Black Sesame Yuzu,2024,439,1382.85,0,0.0,-11.55,1371.3,439,0,Mochi Donuts
MD: Black Sésame Jasmjne,2024,395,1382.5,0,0.0,-11.38,1371.12,395,0,Mochi Donuts
MD: Black sesame strawberrry,2024,787,2754.5,0,0.0,-23.29,2731.21,787,0,Mochi Donuts
MD: Blackberry,2025,558,1953.0,0,0.0,-28.74,1924.26,558,0,Mochi Donuts
MD: Blackberry Lime,2025,567,1984.5,0,0.0,-14.92,1969.58,567,0,Mochi Donuts
MD: Blackberry Lime Shiso,2025,556,1946.0,0,0.0,-19.07,1926.93,556,0,Mochi Donuts
MD: Blackberry Yuzu,2025,972,3402.0,0,0.0,-44.78,3357.22,972,0,Mochi Donuts
MD: Blood Orange,2024,409,1431.5,0,0.0,-11.02,1420.48,409,0,Mochi Donuts
MD: Blood Orange,2025,1040,3640.0,0,0.0,-20.79,3619.21,1040,0,Mochi Donuts
MD: Blood Orange Cream,2024,533,1732.25,0,0.0,-8.11,1724.14,533,0,Mochi Donuts
MD: Blue Raspberry,2024,447,1452.75,0,0.0,-15.92,1436.83,447,0,Mochi Donuts
MD: Blueberry Acai,2024,317,1109.5,0,0.0,-7.65,1101.85,317,0,Mochi Donuts
MD: Blueberry Basil,2024,426,1320.0,0,0.0,-15.35,1304.65,426,0,Mochi Donuts
MD: Blueberry Basil Lemon,2024,187,561.0,0,0.0,-9.45,551.55,187,0,Mochi Donuts
MD: Blueberry Cornflakes,2024,836,2717.0,-2,-6.5,-39.25,2671.25,836,-2,Mochi Donuts
MD: Blueberry Cornflakes,2025,958,3353.0,-1,-3.5,-38.51,3310.99,958,-1,Mochi Donuts
MD: Blueberry Crumble,2025,560,1960.0,0,0.0,-17.33,1942.67,560,0,Mochi Donuts
MD: Blueberry Earl Grey,2025,533,1865.5,0,0.0,-17.83,1847.67,533,0,Mochi Donuts
MD: Blueberry Lime,2025,411,1438.5,0,0.0,-14.83,1423.67,411,0,Mochi Donuts
MD: Blueberry Passionfruit,2024,484,1524.6,-1,-3.15,-9.64,1511.81,484,-1,Mochi Donuts
MD: Blueberry Pie,2025,510,1785.0,0,0.0,-19.6,1765.4,510,0,Mochi Donuts
MD: Blueberry Rosemary,2024,278,973.0,0,0.0,-8.22,964.78,278,0,Mochi Donuts
MD: Brown Butter Hojicha,2025,558,1953.0,-1,-3.5,-26.07,1923.43,558,-1,Mochi Donuts
MD: Brown Butter Krispy,2024,373,1212.25,0,0.0,-5.2,1207.05,373,0,Mochi Donuts
MD: Brown Butter Sage,2024,1,3.0,0,0.0,0.0,3.0,1,0,Mochi Donuts
MD: Brown Sugar Caramel,2024,427,1323.7,0,0.0,-26.05,1297.65,427,0,Mochi Donuts
MD: Brown Sugar Maple,2024,399,1296.75,0,0.0,-11.29,1285.46,399,0,Mochi Donuts
MD: Brown sugar injeolmi,2025,447,1564.5,0,0.0,-2.62,1561.88,447,0,Mochi Donuts
MD: Bubulubu,2025,413,1445.5,0,0.0,-14.18,1431.32,413,0,Mochi Donuts
MD: Cafe de olla,2024,553,1659.0,0,0.0,-7.5,1651.5,553,0,Mochi Donuts
MD: Calamansi,2024,955,3103.75,-3,-9.75,-26.16,3067.84,955,-3,Mochi Donuts
MD: Calamansi,2025,551,1928.5,0,0.0,-18.38,1910.12,551,0,Mochi Donuts
MD: Chai,2025,414,1449.0,-1,-3.5,-15.05,1430.45,414,-1,Mochi Donuts
MD: Cherry Calamansi,2025,486,1701.0,-12,-42.0,-9.97,1649.03,486,-12,Mochi Donuts
MD: Cherry Cream,2025,286,1001.0,0,0.0,-19.09,981.91,286,0,Mochi Donuts
MD: Cherry Garcia,2024,398,1293.5,0,0.0,-24.58,1268.92,398,0,Mochi Donuts
MD: Cherry Lime,2024,222,777.0,0,0.0,-5.6,771.4,222,0,Mochi Donuts
MD: Cherry White Choc Almond,2024,321,1123.5,0,0.0,-5.78,1117.72,321,0,Mochi Donuts
MD: Choco Candy Cane,2025,375,1312.5,0,0.0,-10.44,1302.06,375,0,Mochi Donuts
MD: Choco Cardamom Pistachio,2024,386,1351.0,0,0.0,-5.4,1345.6,386,0,Mochi Donuts
MD: Choco Pomegranate,2024,402,1346.7,0,0.0,-8.51,1338.19,402,0,Mochi Donuts
MD: Choco Strawberry,2024,497,1565.55,-1,-3.15,-18.92,1543.48,497,-1,Mochi Donuts
MD: Choco Sundae,2024,333,1198.8,0,0.0,-9.36,1189.4399999999998,333,0,Mochi Donuts
MD: Chocolate Covered Strawberry,2025,634,2219.0,0,0.0,-9.37,2209.63,634,0,Mochi Donuts
MD: Chocolate Haupia,2025,513,1795.5,0,0.0,-27.39,1768.11,513,0,Mochi Donuts
MD: Chocolate Kettle Corn,2025,340,1190.0,0,0.0,-18.02,1171.98,340,0,Mochi Donuts
MD: Chocolate Krispy Treat,2024,307,1074.5,0,0.0,-8.22,1066.28,307,0,Mochi Donuts
MD: Chocolate Mocha,2024,508,1651.0,0,0.0,-22.26,1628.74,508,0,Mochi Donuts
MD: Chocolate Orange,2024,250,875.0,0,0.0,-12.25,862.75,250,0,Mochi Donuts
MD: Chocolate Orange,2025,378,1323.0,0,0.0,-12.08,1310.92,378,0,Mochi Donuts
MD: Chocolate Passionfruit,2025,498,1743.0,0,0.0,-14.55,1728.45,498,0,Mochi Donuts
MD: Chocolate Strawberry,2024,311,1088.5,0,0.0,-0.35,1088.15,311,0,Mochi Donuts
MD: Chocolate Strawberry,2025,556,1946.0,0,0.0,-15.51,1930.49,556,0,Mochi Donuts
MD: Cinnamon Sugar,2024,9336,28820.0,-5,-14.6,-281.36,28524.04,9336,-5,Mochi Donuts
MD: Cinnamon Sugar,2025,18108,58851.0,-18,-58.5,-654.32,58138.18,18108,-18,Mochi Donuts
MD: Cinnamon Sugar Nutella,2024,4492,12774.05,-1,-2.75,-147.36,12623.939999999999,4492,-1,Mochi Donuts
MD: Cinnamon Toast Crunch,2024,753,2477.9,0,0.0,-28.73,2449.17,753,0,Mochi Donuts
MD: Coconut Calamansi,2025,259,906.5,0,0.0,-11.99,894.51,259,0,Mochi Donuts
MD: Coconut Choc Chip,2024,373,1119.0,0,0.0,-3.0,1116.0,373,0,Mochi Donuts
MD: Coffee Caramel Pecan,2024,437,1529.5,0,0.0,-14.7,1514.8,437,0,Mochi Donuts
MD: Cookie Butter,2024,891,2933.7,-1,-3.15,-39.88,2890.67,891,-1,Mochi Donuts
MD: Cookie Butter,2025,957,3349.5,0,0.0,-34.58,3314.92,957,0,Mochi Donuts
MD: Cookie Butter Espresso,2025,630,2205.0,0,0.0,-22.56,2182.44,630,0,Mochi Donuts
MD: Cookie Butter Pie,2025,596,2086.0,-1,-3.5,-14.87,2067.63,596,-1,Mochi Donuts
MD: Cookies n Cream,2025,877,3069.5,0,0.0,-30.16,3039.34,877,0,Mochi Donuts
MD: Dalgona,2024,895,2743.5,0,0.0,-56.52,2686.98,895,0,Mochi Donuts
MD: Dalgona,2025,500,1750.0,0,0.0,-21.54,1728.46,500,0,Mochi Donuts
MD: Dark Chocolate Acai,2024,422,1477.0,0,0.0,-22.59,1454.41,422,0,Mochi Donuts
MD: Date Caramel,2024,590,1917.5,0,0.0,-19.18,1898.32,590,0,Mochi Donuts
MD: Dole Whip,2024,389,1264.25,0,0.0,-11.01,1253.24,389,0,Mochi Donuts
MD: Dole Whip,2025,1030,3605.0,0,0.0,-31.09,3573.91,1030,0,Mochi Donuts
MD: Dubai Chocolate,2025,4726,18502.3,-3,-12.0,-190.15,18300.15,4726,-3,Mochi Donuts
MD: Earl Grey Chocolate,2024,1179,3712.8,0,0.0,-38.14,3674.66,1179,0,Mochi Donuts
MD: Earl Grey Chocolate,2025,838,2933.0,-1,-3.5,-31.75,2897.75,838,-1,Mochi Donuts
MD: Eggnog,2024,237,829.5,0,0.0,-15.58,813.92,237,0,Mochi Donuts
MD: Flan,2024,462,1617.0,0,0.0,-16.9,1600.1,462,0,Mochi Donuts
MD: Flan,2025,1244,4354.0,0,0.0,-54.08,4299.92,1244,0,Mochi Donuts
MD: Fruity Pebbles,2024,1054,3241.05,0,0.0,-78.34,3162.71,1054,0,Mochi Donuts
MD: Furikake Chef Mix,2024,252,882.0,0,0.0,-21.16,860.84,252,0,Mochi Donuts
MD: Gingerbread Cookies & Cream,2024,377,1319.5,0,0.0,-12.23,1307.27,377,0,Mochi Donuts
MD: Gingerbread n’ Cream,2025,473,1655.5,0,0.0,-20.4,1635.1,473,0,Mochi Donuts
MD: Grapefruit Paloma,2025,458,1603.0,-1,-3.5,-26.24,1573.26,458,-1,Mochi Donuts
MD: Green Apple Caramel,2024,296,932.4,0,0.0,-8.67,923.73,296,0,Mochi Donuts
MD: Green Apple Caramel,2025,418,1463.0,0,0.0,-22.05,1440.95,418,0,Mochi Donuts
MD: Green Thai Tea,2024,513,1590.3,0,0.0,-17.19,1573.11,513,0,Mochi Donuts
MD: Green Thai Tea,2025,1118,3912.6,0,0.0,-37.4,3875.2,1118,0,Mochi Donuts
MD: Guava,2024,493,1651.55,-1,-3.35,-18.28,1629.92,493,-1,Mochi Donuts
MD: Guava,2025,459,1606.5,-1,-3.5,-10.67,1592.33,459,-1,Mochi Donuts
MD: Guava Cheesecake,2024,533,1761.35,0,0.0,-8.34,1753.01,533,0,Mochi Donuts
MD: Guava Cheesecake,2025,556,1946.0,-1,-3.5,-39.2,1903.3,556,-1,Mochi Donuts
MD: Guava Cream Cheese,2024,475,1710.0,0,0.0,-28.44,1681.56,475,0,Mochi Donuts
MD: Guava Cream Cheese,2025,1702,6127.2,0,0.0,-80.6,6046.6,1702,0,Mochi Donuts
MD: Guava Creamcheese,2024,432,1339.2,0,0.0,-13.14,1326.06,432,0,Mochi Donuts
MD: Guava Yuzu,2025,595,2082.5,0,0.0,-16.65,2065.85,595,0,Mochi Donuts
MD: Guava strawberry,2025,1200,4200.0,-1,-3.5,-22.72,4173.78,1200,-1,Mochi Donuts
MD: Hibiscus,2024,449,1391.5,0,0.0,-19.27,1372.23,449,0,Mochi Donuts
MD: Hibiscus mango,2025,386,1351.0,0,0.0,-3.68,1347.32,386,0,Mochi Donuts
MD: Hojicha Berry,2025,474,1659.0,0,0.0,-8.22,1650.78,474,0,Mochi Donuts
MD: Hojicha Hot Chocolate,2025,509,1781.5,0,0.0,-21.87,1759.63,509,0,Mochi Donuts
MD: Hojicha Maple,2024,469,1500.8,-2,-6.4,-20.23,1474.17,469,-2,Mochi Donuts
MD: Hojicha Maple,2025,484,1602.2,-2,-6.4,-24.33,1571.47,484,-2,Mochi Donuts
MD: Hojicha Strawberry,2024,535,1685.25,0,0.0,-10.5,1674.75,535,0,Mochi Donuts
MD: Hojicha Strawberry,2025,485,1697.5,0,0.0,-14.52,1682.98,485,0,Mochi Donuts
MD: Hojicha Tearamisu,2024,431,1443.85,0,0.0,-8.06,1435.79,431,0,Mochi Donuts
MD: Honey Boricha,2025,554,1939.0,-1,-3.5,-18.9,1916.6,554,-1,Mochi Donuts
MD: Honey Gochujang,2024,38,114.0,0,0.0,0.0,114.0,38,0,Mochi Donuts
MD: Honey miso,2024,787,2507.5,0,0.0,-38.74,2468.76,787,0,Mochi Donuts
MD: Honey miso,2025,468,1638.0,0,0.0,-7.22,1630.78,468,0,Mochi Donuts
MD: Honeydew,2025,429,1501.5,0,0.0,-17.3,1484.2,429,0,Mochi Donuts
MD: Horchata,2024,402,1266.3,0,0.0,-18.88,1247.42,402,0,Mochi Donuts
MD: Hot Honey Cornbread,2024,341,1193.5,0,0.0,-11.62,1181.88,341,0,Mochi Donuts
MD: Injeolmi,2024,291,1018.5,0,0.0,-11.9,1006.6,291,0,Mochi Donuts
MD: Jasmine Hojicha,2024,342,1197.0,0,0.0,-3.09,1193.91,342,0,Mochi Donuts
MD: Jasmine Oreo,2025,561,1963.5,0,0.0,-30.08,1933.42,561,0,Mochi Donuts
MD: Jasmine Raspberry,2024,412,1339.0,0,0.0,-6.95,1332.05,412,0,Mochi Donuts
MD: Jasmine Strawberry,2024,522,1644.3,-3,-9.45,-20.1,1614.75,522,-3,Mochi Donuts
MD: Jasmine Tea,2024,626,1971.9,0,0.0,-31.94,1939.96,626,0,Mochi Donuts
MD: Jasmine Yuzu,2025,467,1634.5,0,0.0,-19.55,1614.95,467,0,Mochi Donuts
MD: Jasmine sea salt,2025,572,2002.0,0,0.0,-19.61,1982.39,572,0,Mochi Donuts
MD: Jasmine strawberry,2024,521,1823.5,0,0.0,-13.47,1810.03,521,0,Mochi Donuts
MD: Kabocha Spice,2024,248,868.0,0,0.0,-15.06,852.94,248,0,Mochi Donuts
MD: Key Lime Pie,2024,770,2443.85,0,0.0,-42.54,2401.31,770,0,Mochi Donuts
MD: Key Lime Pie,2025,955,3342.5,0,0.0,-25.02,3317.48,955,0,Mochi Donuts
MD: Kinako,2024,471,1413.0,0,0.0,-22.6,1390.4,471,0,Mochi Donuts
MD: Kinako,2025,419,1466.5,-1,-3.5,-27.99,1435.01,419,-1,Mochi Donuts
MD: Kiwi Lime,2024,367,1156.05,0,0.0,-29.83,1126.22,367,0,Mochi Donuts
MD: Lemon Blueberry,2024,908,3048.8,0,0.0,-42.48,3006.32,908,0,Mochi Donuts
MD: Lemon Blueberry,2025,1006,3521.0,0,0.0,-34.49,3486.51,1006,0,Mochi Donuts
MD: Lemon Cheesecake,2024,914,3072.0,0,0.0,-40.49,3031.51,914,0,Mochi Donuts
MD: Lemon Lychee,2024,416,1310.4,0,0.0,-17.48,1292.92,416,0,Mochi Donuts
MD: Lemon Meringue,2024,810,2638.6,0,0.0,-28.82,2609.78,810,0,Mochi Donuts
MD: Lemon Poppyseed,2024,658,2303.0,0,0.0,-17.85,2285.15,658,0,Mochi Donuts
MD: Lemon Yuzu,2024,590,1858.5,-1,-3.15,-34.59,1820.76,590,-1,Mochi Donuts
MD: Lemon Yuzu Cloud,2024,180,579.8,0,0.0,-9.43,570.37,180,0,Mochi Donuts
MD: Li Hing Mui Guava,2024,429,1501.5,0,0.0,-22.9,1478.6,429,0,Mochi Donuts
MD: Lucky Charms,2025,531,1858.5,0,0.0,-13.98,1844.52,531,0,Mochi Donuts
MD: Lychee Yuzu,2024,564,1776.6,0,0.0,-28.03,1748.57,564,0,Mochi Donuts
MD: Mandarin Orange,2025,385,1347.5,0,0.0,-10.86,1336.64,385,0,Mochi Donuts
MD: Mandarin Tanghulu,2024,297,1039.5,-6,-21.0,-17.89,1000.61,297,-6,Mochi Donuts
MD: Mango Calamansi,2024,401,1403.5,0,0.0,-19.96,1383.54,401,0,Mochi Donuts
MD: Mango Calamansi,2025,545,1907.5,0,0.0,-25.67,1881.83,545,0,Mochi Donuts
MD: Mango Calpico,2024,900,3038.75,-1,-3.25,-25.0,3010.5,900,-1,Mochi Donuts
MD: Mango Calpico,2025,559,1956.5,0,0.0,-14.57,1941.93,559,0,Mochi Donuts
MD: Mango Float,2025,1102,3857.0,-1,-3.5,-30.1,3823.4,1102,-1,Mochi Donuts
MD: Mango Milk,2024,502,1681.7,0,0.0,-10.73,1670.97,502,0,Mochi Donuts
MD: Mango Orange,2025,478,1673.0,0,0.0,-19.61,1653.39,478,0,Mochi Donuts
MD: Mango Passion Calpico,2024,601,1893.15,0,0.0,-20.68,1872.47,601,0,Mochi Donuts
MD: Mango Passionfruit,2024,441,1477.35,0,0.0,-6.84,1470.51,441,0,Mochi Donuts
MD: Mango Peach,2024,392,1372.0,0,0.0,-13.39,1358.61,392,0,Mochi Donuts
MD: Mango Peach,2025,575,2012.5,-1,-3.5,-16.45,1992.55,575,-1,Mochi Donuts
MD: Mango Pomegranate,2025,323,1130.5,0,0.0,-32.92,1097.58,323,0,Mochi Donuts
MD: Mango Sticky Rice,2025,582,2182.5,0,0.0,-28.47,2154.03,582,0,Mochi Donuts
MD: Mango Tajin Lime,2025,460,1610.0,0,0.0,-12.95,1597.05,460,0,Mochi Donuts
MD: Mango peach pie,2025,6,21.0,0,0.0,-1.05,19.95,6,0,Mochi Donuts
MD: Mangonada,2024,382,1241.5,-1,-3.25,-19.67,1218.58,382,-1,Mochi Donuts
MD: Maple Pecan,2024,351,1228.5,0,0.0,-30.1,1198.4,351,0,Mochi Donuts
MD: Maple Pumpkin Hojicha,2025,215,752.5,0,0.0,-15.21,737.29,215,0,Mochi Donuts
MD: Matcha Chocolate,2024,447,1452.75,0,0.0,-10.92,1441.83,447,0,Mochi Donuts
MD: Matcha Lemon,2024,431,1357.65,0,0.0,-7.02,1350.63,431,0,Mochi Donuts
MD: Matcha Mango,2024,903,3160.5,0,0.0,-20.31,3140.19,903,0,Mochi Donuts
MD: Matcha Oreo,2024,739,2586.5,-1,-3.5,-30.48,2552.52,739,-1,Mochi Donuts
MD: Matcha Raspberry,2024,372,1209.0,0,0.0,-8.79,1200.21,372,0,Mochi Donuts
MD: Matcha Raspberry,2025,913,3195.5,0,0.0,-21.18,3174.32,913,0,Mochi Donuts
MD: Matcha Sakura Crunch,2025,1200,4200.0,-1,-3.5,-31.91,4164.59,1200,-1,Mochi Donuts
MD: Matcha Strawberry,2024,1,3.5,0,0.0,0.0,3.5,1,0,Mochi Donuts
MD: Matcha Strawberry,2025,568,1988.0,0,0.0,-10.82,1977.18,568,0,Mochi Donuts
MD: Matcha Strawberry Crunch,2025,1049,3785.75,-1,-3.5,-29.24,3753.01,1049,-1,Mochi Donuts
MD: Matcha Tea-ramisu,2024,438,1489.2,0,0.0,-10.73,1478.47,438,0,Mochi Donuts
MD: Matcha Tea-ramisu,2025,713,2673.75,0,0.0,-35.75,2638.0,713,0,Mochi Donuts
MD: Matcha white chocolate raspberry,2024,378,1228.5,0,0.0,-4.22,1224.28,378,0,Mochi Donuts
MD: Melona,2024,418,1316.7,0,0.0,-10.06,1306.64,418,0,Mochi Donuts
MD: Mexican Hot Chocolate,2025,1598,5593.0,-2,-7.0,-35.06,5550.94,1598,-2,Mochi Donuts
MD: Milk & Cookies,2024,358,1253.0,0,0.0,-9.44,1243.56,358,0,Mochi Donuts
MD: Milk Tea,2025,995,3480.0,0,0.0,-26.69,3453.31,995,0,Mochi Donuts
MD: Milo,2024,882,2800.2,-1,-3.15,-19.82,2777.23,882,-1,Mochi Donuts
MD: Milo Krispy,2025,517,1809.5,0,0.0,-8.75,1800.75,517,0,Mochi Donuts
MD: Mint Oreo Chip,2024,459,1491.75,0,0.0,-8.11,1483.64,459,0,Mochi Donuts
MD: Mocha Crunch,2024,320,1120.0,0,0.0,-6.82,1113.18,320,0,Mochi Donuts
MD: Mocha matcha,2025,443,1550.5,0,0.0,-1.58,1548.92,443,0,Mochi Donuts
MD: Mojito,2024,405,1316.25,0,0.0,-24.59,1291.66,405,0,Mochi Donuts
MD: Molé,2024,239,800.65,0,0.0,-4.85,795.8,239,0,Mochi Donuts
MD: Mugwort Strawberry,2025,438,1533.0,0,0.0,-5.41,1527.59,438,0,Mochi Donuts
MD: Neapolitan,2025,308,1078.0,0,0.0,-4.19,1073.81,308,0,Mochi Donuts
MD: Okinawa Milk Tea,2024,790,2669.25,0,0.0,-21.53,2647.72,790,0,Mochi Donuts
MD: Okinawa Milk Tea,2025,974,3409.0,0,0.0,-28.31,3380.69,974,0,Mochi Donuts
MD: Oolong Honey,2025,577,2019.5,0,0.0,-43.56,1975.94,577,0,Mochi Donuts
MD: Orange Sherbert,2024,311,1041.85,-3,-10.05,-9.7,1022.1,311,-3,Mochi Donuts
MD: P.O.G.,2024,1017,3305.25,0,0.0,-49.58,3255.67,1017,0,Mochi Donuts
MD: POG,2024,323,1130.5,0,0.0,-7.89,1122.61,323,0,Mochi Donuts
MD: POG,2025,1717,6009.5,-1,-3.5,-87.78,5918.22,1717,-1,Mochi Donuts
MD: Pandan,2024,258,903.0,0,0.0,-2.97,900.03,258,0,Mochi Donuts
MD: Pandan Coconut,2024,349,1221.5,0,0.0,-12.08,1209.42,349,0,Mochi Donuts
MD: Pandan Coconut,2025,495,1732.5,0,0.0,-22.05,1710.45,495,0,Mochi Donuts
MD: Pandan Tiramisu,2025,347,1266.55,0,0.0,-24.83,1241.72,347,0,Mochi Donuts
MD: Passion Pear,2025,399,1396.5,0,0.0,-13.29,1383.21,399,0,Mochi Donuts
MD: Passionfruit,2024,1095,3437.9,0,0.0,-29.43,3408.47,1095,0,Mochi Donuts
MD: Passionfruit,2025,1753,6135.5,-1,-3.5,-45.61,6086.39,1753,-1,Mochi Donuts
MD: Passionfruit Matcha,2025,485,1697.5,0,0.0,-20.96,1676.54,485,0,Mochi Donuts
MD: Passionfruit Raspberry,2024,416,1456.0,0,0.0,-11.36,1444.64,416,0,Mochi Donuts
MD: Passionfruit Raspberry,2025,537,1879.5,0,0.0,-12.47,1867.03,537,0,Mochi Donuts
MD: Peach Cobbler,2024,465,1627.5,0,0.0,-7.27,1620.23,465,0,Mochi Donuts
MD: Peaches n' Cream,2024,335,1122.25,0,0.0,-8.2,1114.05,335,0,Mochi Donuts
MD: Peppermint Bark,2024,381,1333.5,0,0.0,-7.65,1325.85,381,0,Mochi Donuts
MD: Peppermint Hot Cocoa,2025,337,1179.5,0,0.0,-28.71,1150.79,337,0,Mochi Donuts
MD: Peppermint White Mocha,2024,264,924.0,0,0.0,-7.88,916.12,264,0,Mochi Donuts
MD: Pineapple Cake,2025,958,3353.0,-1,-3.5,-56.19,3293.31,958,-1,Mochi Donuts
MD: Pineapple Dole Whip,2024,424,1272.0,0,0.0,-16.83,1255.17,424,0,Mochi Donuts
MD: Pineapple Mango,2024,823,2718.8,0,0.0,-15.01,2703.79,823,0,Mochi Donuts
MD: Pink Guava,2024,402,1266.3,0,0.0,-10.54,1255.76,402,0,Mochi Donuts
MD: Pistachio Raspberry,2025,522,1957.5,0,0.0,-24.56,1932.94,522,0,Mochi Donuts
MD: Poached Pear,2025,364,1274.0,0,0.0,-20.82,1253.18,364,0,Mochi Donuts
MD: Pomegranate,2025,444,1554.0,0,0.0,-1.58,1552.42,444,0,Mochi Donuts
MD: Pretzel Dark Chocolate,2024,782,2638.0,0,0.0,-36.3,2601.7,782,0,Mochi Donuts
MD: Pumpkin Cheesecake,2025,570,1995.0,0,0.0,-16.79,1978.21,570,0,Mochi Donuts
MD: Pumpkin Hojicha Spice,2025,411,1438.5,0,0.0,-6.82,1431.68,411,0,Mochi Donuts
MD: Pumpkin Pie,2024,315,1102.5,0,0.0,-11.0,1091.5,315,0,Mochi Donuts
MD: Rasp Shortcake,2024,311,1088.5,0,0.0,-9.73,1078.77,311,0,Mochi Donuts
MD: Raspberry Chocolate Chip,2024,437,1311.0,0,0.0,-21.28,1289.72,437,0,Mochi Donuts
MD: Raspberry Drop,2024,1035,3415.85,0,0.0,-36.08,3379.77,1035,0,Mochi Donuts
MD: Raspberry Drop,2025,609,2131.5,0,0.0,-8.75,2122.75,609,0,Mochi Donuts
MD: Raspberry KeyLime Pie,2024,393,1375.5,0,0.0,-14.53,1360.97,393,0,Mochi Donuts
MD: Raspberry Lychee,2024,954,3200.5,0,0.0,-41.59,3158.91,954,0,Mochi Donuts
MD: Raspberry Lychee,2025,1195,4182.5,-1,-3.5,-30.08,4148.92,1195,-1,Mochi Donuts
MD: Raspberry Sakura,2024,574,1865.5,-1,-3.25,-29.91,1832.34,574,-1,Mochi Donuts
MD: Raspberry Tru Fru,2025,556,2001.6,0,0.0,-11.34,1990.26,556,0,Mochi Donuts
MD: Raspberry White Chocolate Pistachio,2024,174,548.1,-3,-9.45,-9.21,529.44,174,-3,Mochi Donuts
MD: Raspberry White Tea,2025,511,1788.5,-1,-3.5,-12.95,1772.05,511,-1,Mochi Donuts
MD: Raspberry Yogurt,2025,416,1456.0,0,0.0,-7.17,1448.83,416,0,Mochi Donuts
MD: Raspberry Yuzu,2024,532,1782.2,0,0.0,-11.9,1770.3,532,0,Mochi Donuts
MD: Raspberry Yuzu,2025,1525,5337.5,-1,-3.5,-84.18,5249.82,1525,-1,Mochi Donuts
MD: Raspberry cheesecake,2025,707,2474.5,0,0.0,-15.4,2459.1,707,0,Mochi Donuts
MD: Red Lemon Yuzu,2025,467,1634.5,0,0.0,-17.15,1617.35,467,0,Mochi Donuts
MD: Red Velvet,2025,521,1823.5,-1,-3.5,-17.15,1802.85,521,-1,Mochi Donuts
MD: Reese’s,2024,444,1443.0,-1,-3.25,-18.77,1420.98,444,-1,Mochi Donuts
MD: Rosemary Honey Pear,2024,365,1277.5,0,0.0,-7.01,1270.49,365,0,Mochi Donuts
MD: Salted Caramel,2024,439,1536.5,0,0.0,-17.14,1519.36,439,0,Mochi Donuts
MD: Samoa,2024,766,2570.0,0,0.0,-28.25,2541.75,766,0,Mochi Donuts
MD: Sea Salt Cocoa Puffs,2024,389,1205.9,0,0.0,-12.62,1193.28,389,0,Mochi Donuts
MD: Sesame Honey Butter,2024,285,997.5,0,0.0,-9.12,988.38,285,0,Mochi Donuts
MD: Spiced Apple Cider,2025,332,1162.0,0,0.0,-6.27,1155.73,332,0,Mochi Donuts
MD: Strawb Passion,2024,462,1617.0,0,0.0,-12.93,1604.07,462,0,Mochi Donuts
MD: Strawberry Balsamic,2024,244,854.0,0,0.0,-11.71,842.29,244,0,Mochi Donuts
MD: Strawberry Cornflakes,2024,385,1193.5,0,0.0,-12.33,1181.17,385,0,Mochi Donuts
MD: Strawberry Drop,2024,461,1613.5,0,0.0,-14.86,1598.64,461,0,Mochi Donuts
MD: Strawberry Lemon Cream,2024,389,1264.25,-1,-3.25,-17.56,1243.44,389,-1,Mochi Donuts
MD: Strawberry Lychee Calpico,2024,537,1879.5,0,0.0,-17.33,1862.17,537,0,Mochi Donuts
MD: Strawberry Lychee Calpico,2025,509,1781.5,-1,-3.5,-17.7,1760.3,509,-1,Mochi Donuts
MD: Strawberry Lychee Shortcake,2024,502,1556.2,-1,-3.1,-20.87,1532.23,502,-1,Mochi Donuts
MD: Strawberry Nesquik,2024,433,1363.95,0,0.0,-17.96,1345.99,433,0,Mochi Donuts
MD: Strawberry Nesquik,2025,508,1778.0,-2,-7.0,-31.51,1739.49,508,-2,Mochi Donuts
MD: Strawberry Passionfruit,2024,993,3180.75,0,0.0,-38.09,3142.66,993,0,Mochi Donuts
MD: Strawberry Passionfruit,2025,2182,7637.0,0,0.0,-58.42,7578.58,2182,0,Mochi Donuts
MD: Strawberry Shortcake,2024,476,1515.75,-1,-3.0,-19.03,1493.72,476,-1,Mochi Donuts
MD: Strawberry Shortcake,2025,681,2383.5,0,0.0,-11.9,2371.6,681,0,Mochi Donuts
MD: Strawberry Sumac,2025,1,3.5,0,0.0,-3.5,0.0,1,0,Mochi Donuts
MD: Strawberry White Peach,2025,315,1102.5,0,0.0,-11.91,1090.59,315,0,Mochi Donuts
MD: Strawberry milk,2024,503,1634.75,0,0.0,-12.53,1622.22,503,0,Mochi Donuts
MD: Strawberry yakult,2024,488,1708.0,0,0.0,-11.08,1696.92,488,0,Mochi Donuts
MD: Sweet Corn Turtle Chip,2024,307,1028.45,0,0.0,-13.07,1015.38,307,0,Mochi Donuts
MD: Taro,2024,458,1442.7,-1,-3.15,-15.6,1423.95,458,-1,Mochi Donuts
MD: Taro Lavender,2025,1682,5887.0,-3,-10.5,-63.57,5812.93,1682,-3,Mochi Donuts
MD: Tart Blackberry,2024,387,1161.0,0,0.0,-12.91,1148.09,387,0,Mochi Donuts
MD: Thai Tea,2024,768,2304.0,0,0.0,-19.04,2284.96,768,0,Mochi Donuts
MD: Thai Tea Cream,2025,862,3017.0,0,0.0,-29.22,2987.78,862,0,Mochi Donuts
MD: Thai Tea Oreo,2024,1917,6231.65,0,0.0,-92.82,6138.83,1917,0,Mochi Donuts
MD: Thai Tea Oreo,2025,1390,4865.0,-2,-7.0,-66.89,4791.11,1390,-2,Mochi Donuts
MD: Tiramisu,2024,930,3180.0,-3,-10.35,-42.61,3127.04,930,-3,Mochi Donuts
MD: Tiramisu,2025,2011,7038.5,-5,-17.5,-79.5,6941.5,2011,-5,Mochi Donuts
MD: Triple Berry,2024,1428,4915.95,-1,-3.5,-41.6,4870.85,1428,-1,Mochi Donuts
MD: Triple Berry,2025,471,1648.5,0,0.0,-41.24,1607.26,471,0,Mochi Donuts
MD: Triple Corn,2025,319,1116.5,0,0.0,-11.37,1105.13,319,0,Mochi Donuts
MD: Turon,2025,697,2613.75,0,0.0,-27.2,2586.55,697,0,Mochi Donuts
MD: Twix,2024,449,1504.15,0,0.0,-14.55,1489.6,449,0,Mochi Donuts
MD: Twix,2025,521,1823.5,0,0.0,-5.95,1817.55,521,0,Mochi Donuts
MD: Twix Choc,2024,514,1670.5,-1,-3.25,-22.91,1644.34,514,-1,Mochi Donuts
MD: Ube,2024,1103,3474.45,0,0.0,-21.28,3453.17,1103,0,Mochi Donuts
MD: Ube,2025,8,25.2,0,0.0,0.0,25.2,8,0,Mochi Donuts
MD: Ube Coconut,2024,407,1424.5,0,0.0,-20.92,1403.58,407,0,Mochi Donuts
MD: Ube Coconut,2025,536,1876.0,0,0.0,-18.21,1857.79,536,0,Mochi Donuts
MD: Ube Crunch,2025,479,1676.5,-1,-3.5,-19.59,1653.41,479,-1,Mochi Donuts
MD: Ube N Cream,2025,592,2072.0,0,0.0,-19.77,2052.23,592,0,Mochi Donuts
MD: Ube White Choco Macadamia,2024,442,1547.0,-1,-3.5,-15.95,1527.55,442,-1,Mochi Donuts
MD: Ube cheesecake,2024,436,1526.0,0,0.0,-41.63,1484.37,436,0,Mochi Donuts
MD: Ube cheesecake,2025,539,1886.5,0,0.0,-9.92,1876.58,539,0,Mochi Donuts
MD: Ube macapuno,2025,456,1596.0,-1,-3.5,-9.38,1583.12,456,-1,Mochi Donuts
MD: Vanilla Chai,2024,449,1414.35,0,0.0,-12.92,1401.43,449,0,Mochi Donuts
MD: Vanilla Macadamia,2024,463,1551.05,0,0.0,-14.91,1536.14,463,0,Mochi Donuts
MD: Vietnamese Coffee,2024,508,1565.4,0,0.0,-11.24,1554.16,508,0,Mochi Donuts
MD: Vietnamese Coffee,2025,460,1610.0,-1,-3.5,-13.48,1593.02,460,-1,Mochi Donuts
MD: Vietnamese Coffee n Cream,2025,472,1652.0,0,0.0,-16.99,1635.01,472,0,Mochi Donuts
MD: Vietnamese Mocha,2025,643,2250.5,0,0.0,-14.62,2235.88,643,0,Mochi Donuts
MD: White Chocolate Raspberry Rose Pistachio,2024,315,992.25,-1,-3.15,-7.72,981.38,315,-1,Mochi Donuts
MD: White Chocolate Yuzu,2025,394,1379.0,-2,-7.0,-7.54,1364.46,394,-2,Mochi Donuts
MD: White Peach Calpico,2024,541,1702.5,0,0.0,-18.27,1684.23,541,0,Mochi Donuts
MD: White Peach Lychee,2025,967,3384.5,0,0.0,-47.85,3336.65,967,0,Mochi Donuts
MD: White Peach Lychee Lemon,2024,478,1673.0,0,0.0,-10.47,1662.53,478,0,Mochi Donuts
MD: White Peach Yuzu,2025,699,2446.5,0,0.0,-19.43,2427.07,699,0,Mochi Donuts
MD: White Peach n Cream,2025,7,24.5,0,0.0,-3.5,21.0,7,0,Mochi Donuts
MD: White Peaches n' Cream,2025,1,3.5,0,0.0,0.0,3.5,1,0,Uncategorized
MD: Yogurt Parfait,2024,328,1148.0,0,0.0,-13.81,1134.19,328,0,Mochi Donuts
MD: Yogurt Parfait,2025,948,3318.0,0,0.0,-29.27,3288.73,948,0,Mochi Donuts
MD: Yuzu Lemon,2024,976,3297.5,-3,-10.0,-40.87,3246.63,976,-3,Mochi Donuts
MD: Yuzu Lemon,2025,543,1900.5,0,0.0,-32.39,1868.11,543,0,Mochi Donuts
MD: apple pie,2024,379,1326.5,0,0.0,-11.43,1315.07,379,0,Mochi Donuts
MD: birthday cake,2025,455,1592.5,0,0.0,-16.27,1576.23,455,0,Mochi Donuts
MD: blackberry keylime,2024,455,1524.25,0,0.0,-26.5,1497.75,455,0,Mochi Donuts
MD: coconut white chocolate,2024,349,1221.5,0,0.0,-8.47,1213.03,349,0,Mochi Donuts
MD: fruity Pebbles,2024,369,1291.5,0,0.0,-9.98,1281.52,369,0,Mochi Donuts
MD: fruity Pebbles,2025,335,1172.5,0,0.0,-10.15,1162.35,335,0,Mochi Donuts
MD: matcha yuzu,2024,847,2837.45,-2,-6.7,-37.84,2792.91,847,-2,Mochi Donuts
MD: mazapán,2024,634,2165.0,-3,-10.05,-26.42,2128.53,634,-3,Mochi Donuts
MD: mazapán,2025,485,1697.5,0,0.0,-29.05,1668.45,485,0,Mochi Donuts
MD: peanut butter chocolate,2024,419,1466.5,0,0.0,-13.12,1453.38,419,0,Mochi Donuts
MD: raspberry puff,2024,491,1841.25,0,0.0,-8.12,1833.13,491,0,Mochi Donuts
MD: smores,2024,912,3055.2,0,0.0,-47.18,3008.02,912,0,Mochi Donuts
MD: smores,2025,559,1956.5,-3,-10.5,-27.64,1918.36,559,-3,Mochi Donuts
MD: strawberry Passion,2024,1159,3592.9,0,0.0,-48.44,3544.46,1159,0,Mochi Donuts
MD:Cranberry Orange,2025,385,1347.5,0,0.0,-18.55,1328.95,385,0,Mochi Donuts
MD:brown Sugar Carmel,2024,329,1151.5,0,0.0,-3.33,1148.17,329,0,Mochi Donuts
MM: Ube,2024,2,8.5,0,0.0,0.0,8.5,2,0,Uncategorized
Macaron Set,2025,41,328.0,0,0.0,-11.2,316.8,41,0,Brioche Donuts
Mandarin Orange,2024,136,408.0,-1,-3.0,-1.5,403.5,136,-1,Mochi Donuts
Mango Cheesecake,2025,34,255.0,0,0.0,-34.480000000000004,220.52,34,0,Kinmush
Mango Lemonade,2025,24,126.0,0,0.0,-0.52,125.48,24,0,Mango
Mango Milk,2024,503,3158.75,0,0.0,-59.09,3099.66,503,0,Café: Other Drinks
Mango Milk,2025,341,2147.75,0,0.0,-98.51,2049.24,341,0,Mango
Matcha Black Sesame,2024,4210,30530.75,-8,-58.0,-610.69,29862.06,4210,-8,Matcha Drinks
Matcha Black Sesame,2025,5478,41528.65,-9,-68.15,-467.0,40993.5,5478,-9,Matcha Drinks
Matcha Blueberry,2024,236,1715.0,0,0.0,-46.78,1668.22,236,0,Matcha Drinks
Matcha Blueberry,2025,960,7061.7,-4,-29.0,-141.27,6891.43,960,-4,Matcha Drinks
Matcha Cheesecake,2025,32,240.0,0,0.0,-8.2,231.8,32,0,Kinmush
Matcha Cream Top,2025,304,1982.85,-2,-13.0,-42.88,1926.97,304,-2,Uncategorized
Matcha Mango,2024,938,6826.5,-4,-29.0,-150.67000000000002,6646.83,938,-4,Café: Other Drinks
Matcha Mango,2025,1510,11070.6,-1,-7.25,-294.82,10768.53,1510,-1,Matcha Drinks
Matcha Mochi Muffin,2024,1268,5518.0,-4,-17.0,-99.37,5401.63,1268,-4,Mochi Donuts
Matcha Persimmon Latte,2025,49,355.25,0,0.0,-2.91,352.34,49,0,Café: Misc.
Matcha Scone,2024,16,72.0,0,0.0,-3.83,68.17,16,0,Mochi Donuts
Matcha Strawberry,2024,5710,41487.5,-7,-50.75,-785.0699999999999,40651.68,5710,-7,Matcha Drinks
Matcha Strawberry,2025,13611,101543.45,-6,-45.0,-1250.66,100247.79,13611,-6,Matcha Drinks
Matcha Strawberry Cookies,2025,198,904.75,0,0.0,-9.24,895.51,198,0,Mochi Donuts
Matcha yuzu lemonade,2024,80,454.0,-1,-5.75,-29.49,418.76,80,-1,Café: Misc.
Matcha yuzu lemonade,2025,98,597.95,0,0.0,-36.66,561.29,98,0,Café: Misc.
Olive Oil Grapefruit Cake,2025,40,280.0,0,0.0,-5.6,274.4,40,0,Brioche Donuts
Orange Olive Oil Cake,2025,35,262.5,0,0.0,-4.87,257.63,35,0,Brioche Donuts
Osmanthus Matcha Cream,2025,333,2331.0,-3,-21.0,-108.15,2201.85,333,-3,Café: Misc.
Osmanthus Tea,2025,104,650.0,0,0.0,-35.63,614.37,104,0,Uncategorized
POG Ade,2025,19,142.5,0,0.0,-17.95,124.55,19,0,Kinmush
Pandan Cream Latte,2025,357,2517.5,-1,-7.0,-33.03,2477.47,357,-1,Café: Misc.
Pandan Mochi Muffin,2024,1435,5950.75,-1,-4.25,-151.31,5795.1900000000005,1435,-1,Mochi Donuts
Passionfruit Lemonade,2024,24,132.5,0,0.0,-5.5,127.0,24,0,Yuzu Lemonade
Peach Americano,2025,289,1664.25,0,0.0,-128.77,1535.48,289,0,Espresso Drinks
Peach-Matcha Tonic,2024,117,773.0,-1,-6.5,-35.11,731.39,117,-1,Matcha Drinks
Popcorn Chicken,2025,12,96.0,-1,-8.0,0.0,88.0,12,-1,Café: Misc.
Pumpkin Cheesecake Espresso,2025,64,467.5,0,0.0,-13.06,454.44,64,0,Uncategorized
Pumpkin Cheesecake Hojicha,2025,21,157.5,0,0.0,-19.49,138.01,21,0,Uncategorized
Pumpkin Cheesecake Matcha,2025,78,600.6,0,0.0,-23.89,576.71,78,0,Uncategorized
Pumpkin Hojicha Spice,2025,71,248.5,0,0.0,-6.29,242.21,71,0,Mochi Donuts
Pup Cup,2024,788,0.0,-1,0.0,0.0,0.0,788,-1,Café: Misc.
Pup Cup,2025,731,0.0,0,0.0,0.0,0.0,731,0,Café: Misc.
Raspberry Choco Loaf,2025,47,376.0,0,0.0,-25.2,350.8,47,0,Brioche Donuts
Raspberry Lychee Lemonade,2024,18,94.5,0,0.0,-9.19,85.31,18,0,Café: Other Drinks
Raspberry Lychee Spritz,2024,210,1254.0,0,0.0,-54.45,1199.55,210,0,Café: Misc.
Raspberry Lychee Spritz,2025,35,210.0,0,0.0,-11.7,198.3,35,0,Café: Misc.
Raspberry Yogurt,2025,65,227.5,0,0.0,-2.45,225.05,65,0,Mochi Donuts
SS: Boricha,2025,35,315.0,0,0.0,-18.9,296.1,35,0,Café: Misc.
SS: Brown Sugar Oolong,2025,107,936.5,0,0.0,-65.87,870.63,107,0,Café: Misc.
SS: Halo halo,2025,100,977.0,0,0.0,-79.0,898.0,100,0,Café: Misc.
SS: Hojicha Hot Chocolate,2025,13,71.5,0,0.0,-8.44,63.06,13,0,Café: Misc.
SS: Mango Stick Tiramisu,2025,42,420.0,0,0.0,-58.35,361.65,42,0,Mochi Donuts
SS: Mango Yakult Milk,2025,11,77.0,0,0.0,-8.05,68.95,11,0,Café: Misc.
SS: Osmanthus Matcha Cream,2025,174,1218.0,0,0.0,-60.1,1157.9,174,0,Café: Misc.
SS: Strawberry Coconut Cloud,2025,20,120.0,0,0.0,-9.0,111.0,20,0,Café: Misc.
SS: Strawberry Pistachio,2025,43,344.0,-1,-8.0,-17.6,318.4,43,-1,Café: Misc.
Sakura Blueberry Milk,2024,162,1098.0,-2,-13.5,-38.04,1046.46,162,-2,Café: Other Drinks
Sakura Blueberry Milk,2025,1,6.75,0,0.0,0.0,6.75,1,0,Café: Misc.
Sando: Egg,2025,37,360.75,0,0.0,-14.63,346.12,37,0,Café: Misc.
Sando: Mango Sticky,2025,243,2353.5,0,0.0,-51.46,2302.04,243,0,Café: Misc.
Sando: Strawberry,2025,370,3225.75,-1,-8.5,-59.17,3158.08,370,-1,Café: Misc.
Sando: Strawberry Lychee,2025,43,384.45,0,0.0,-11.63,372.82,43,0,Brioche Donuts
Shine Muscat Daifuku,2025,17,76.5,0,0.0,0.0,76.5,17,0,Brioche Donuts
Shiso Loaf,2025,18,135.0,0,0.0,-11.25,123.75,18,0,Brioche Donuts
Shot Espresso,2024,49,34.75,0,0.0,-3.11,31.64,49,0,Café: Misc.
Single Shot,2024,1,2.25,0,0.0,0.0,2.25,1,0,Espresso Drinks
Single Shot,2025,2,3.0,0,0.0,0.0,3.0,2,0,Espresso Drinks
Sook Cream Top,2024,1447,10133.25,-2,-14.0,-469.15,9650.1,1447,-2,Café: Other Drinks
Sook Cream Top,2025,952,6772.5,0,0.0,-378.61,6393.889999999999,952,0,Café: Misc.
Spiced Apple Cider,2025,65,227.5,0,0.0,-8.75,218.75,65,0,Mochi Donuts
Strawb Yakult Mint Tonic,2024,265,1718.75,0,0.0,-78.1,1640.65,265,0,Café: Other Drinks
Strawb Yakult Mint Tonic,2025,25,156.25,0,0.0,-0.94,155.31,25,0,Strawberry
Strawb Yuzu Lemonade,2025,190,997.5,0,0.0,-32.02,965.48,190,0,Yuzu Lemonade
Strawberry Daifuku,2025,49,220.5,0,0.0,-4.5,216.0,49,0,Brioche Donuts
Strawberry Matcha Cookie,2025,42,209.0,0,0.0,-2.5,206.5,42,0,Gf Mochi Donuts
Strawberry Milk,2024,2341,14750.75,-3,-20.5,-398.65999999999997,14331.589999999998,2341,-3,Café: Other Drinks
Strawberry Milk,2025,3669,23097.5,-8,-51.0,-402.6,22643.9,3669,-8,Strawberry
Strawberry Nesquik,2024,11,34.65,0,0.0,-0.94,33.71,11,0,Mochi Donuts
Strawberry Rose Cream On The Side,2025,2,1.75,0,0.0,0.0,1.75,2,0,Uncategorized
Strawberry Shortbread Cookies,2025,26,104.0,0,0.0,-7.98,96.02,26,0,Kinmush
Strawberry Yakult Mint Tonic,2024,44,297.0,0,0.0,-18.24,278.76,44,0,Café: Other Drinks
Sub Oat,2024,1,0.5,0,0.0,0.0,0.5,1,0,Café: Misc.
Tart: Golden Kiwi,2025,27,270.0,0,0.0,-20.0,250.0,27,0,Mochi Donuts
Thai Tea Cream Top,2024,4598,27245.25,-12,-71.5,-516.01,26657.739999999998,4598,-12,Uncategorized
Thai Tea Cream Top,2025,5633,30998.0,-4,-22.0,-313.48,30662.52,5633,-4,Café: Misc.
Tote,2024,37,740.0,0,0.0,-26.0,714.0,37,0,Merchandise
Tote,2025,7,140.0,0,0.0,0.0,140.0,7,0,Merchandise
Ube Hojicha Cream Top,2024,206,1495.0,-1,-7.25,-62.67,1425.08,206,-1,Uncategorized
Ube Hojicha Cream Top,2025,601,4357.25,0,0.0,-104.55,4252.7,601,0,Hojicha Drinks
Ube Matcha Cream Top,2024,578,4191.0,-1,-7.25,-41.1,4142.65,578,-1,Matcha Drinks
Ube Matcha Cream Top,2025,2543,18616.85,-6,-44.1,-170.82,18401.93,2543,-6,Matcha Drinks
Ube Mochi Muffin,2024,2080,8637.75,-3,-12.5,-190.51,8434.74,2080,-3,Mochi Donuts
Ube Strawberry Milk,2025,38,276.0,0,0.0,-13.73,262.27,38,0,Café: Misc.
Vietnamese Iced Coffee,2024,3991,22133.5,-12,-66.0,-516.43,21551.07,3991,-12,Espresso Drinks
Vietnamese Iced Coffee,2025,4266,23717.75,-6,-33.0,-366.76,23317.99,4266,-6,Espresso Drinks
Water,2024,137,0.0,0,0.0,0.0,0.0,137,0,Café: Misc.
Water,2025,370,0.0,0,0.0,0.0,0.0,370,0,Café: Misc.
Watermelon Matcha Spritz,2025,74,481.0,0,0.0,-0.98,480.02,74,0,Café: Misc.
Wild Blueberry Spritz,2024,30,165.0,0,0.0,-6.05,158.95,30,0,Café: Other Drinks
With Lid,2024,2,0.0,0,0.0,0.0,0.0,2,0,Café: Misc.
Yuzu Tart,2025,1,10.0,0,0.0,-10.0,0.0,1,0,Bake Specials
apple pie,2024,3,10.5,0,0.0,-0.53,9.97,3,0,Uncategorized
banoffee,2024,1,3.15,0,0.0,0.0,3.15,1,0,Uncategorized
choco cupcake,2024,2,12.0,0,0.0,-12.0,0.0,2,0,Bakeshop Specials
chocolate muffin,2024,349,1483.25,0,0.0,-15.1,1468.15,349,0,Gf Mochi Muffins
chocolate muffin,2025,85,361.25,0,0.0,-3.04,358.21,85,0,Gf Mochi Muffins
choux,2024,3,0.0,0,0.0,0.0,0.0,3,0,Bakeshop Specials
coconut Matcha cloud,2024,70,420.0,0,0.0,-39.0,381.0,70,0,Café: Other Drinks
coconut strawberry rose cloud,2025,68,493.0,0,0.0,-16.68,476.32,68,0,Café: Misc.
double shot,2024,19,16.5,0,0.0,-0.26,16.24,19,0,Uncategorized
double shot,2025,3,4.5,0,0.0,0.0,4.5,3,0,Uncategorized
egg coffee,2024,4,26.0,0,0.0,0.0,26.0,4,0,Café: Misc.
extra black sesame,2024,30,22.5,0,0.0,-0.66,21.84,30,0,Uncategorized
extra black sesame,2025,5,3.75,0,0.0,-0.11,3.64,5,0,Uncategorized
hojacha latte,2024,7,49.0,0,0.0,0.0,49.0,7,0,Uncategorized
hojicha mochi muffin,2024,6,25.5,0,0.0,0.0,25.5,6,0,Mochi Donuts
horchata espresso,2024,124,868.5,0,0.0,-14.45,854.05,124,0,Espresso Drinks
horchata hojicha,2024,27,202.5,0,0.0,-3.47,199.03,27,0,Hojicha Drinks
horchata latte,2024,16,108.0,0,0.0,0.0,108.0,16,0,Espresso Drinks
kiwi lime,2024,1,3.15,0,0.0,0.0,3.15,1,0,Uncategorized
large cream,2024,14,21.0,0,0.0,-0.23,20.77,14,0,Café: Misc.
large cream,2025,2,3.0,0,0.0,0.0,3.0,2,0,Café: Misc.
lemon yuzu lemonade,2024,25,125.0,0,0.0,-7.5,117.5,25,0,Uncategorized
mango lemonade,2024,69,362.25,0,0.0,-14.96,347.29,69,0,Café: Other Drinks
peach lemonade,2024,29,152.25,0,0.0,-1.31,150.94,29,0,Café: Other Drinks
strawb yuzu lemonade,2024,145,761.25,0,0.0,-22.810000000000002,738.44,145,0,Café: Other Drinks
strawb yuzu lemonade,2025,12,63.0,0,0.0,-5.25,57.75,12,0,Uncategorized
strawberry rose matcha,2025,812,6147.75,0,0.0,-107.07,6040.68,812,0,Café: Misc.
ube espresso cream top,2024,307,2150.75,0,0.0,-45.59,2105.16,307,0,Espresso Drinks
ube espresso cream top,2025,944,6611.75,-2,-14.0,-64.8,6532.95,944,-2,Espresso Drinks
ube horchata,2024,18,117.0,0,0.0,-7.48,109.52,18,0,Café: Other Drinks
ube horchata,2025,3,19.5,-1,-6.5,0.0,13.0,3,-1,Ube
yuja espresso tonic,2024,58,348.0,-1,-6.0,-31.5,310.5,58,-1,Uncategorized
