Item Name,Net Sales,revenue_share,cumulative_revenue_share
Einspanner: Matcha,232401.44,0.09853168099950325,0.09853168099950325
Matcha Strawberry,140899.47,0.059737416562647284,0.15826909756215055
Einspanner: Espresso,128365.49,0.0544233611978692,0.21269245876001974
MD: Cinnamon Sugar,86662.22,0.036742346414672694,0.24943480517469244
Black Sesame Cream Top,80414.85,0.034093637061039316,0.28352844223573176
Matcha Black Sesame,70855.56,0.03004076667924761,0.31356920891497936
Thai Tea Cream Top,57320.26,0.024302179767597767,0.3378713886825771
GFM: Ube,56602.03999999999,0.023997674666736673,0.3618690633493138
Latte: Matcha,51499.18,0.021834205396902867,0.38370326874621663
Einspanner: Hojicha,46135.229999999996,0.01956004130266453,0.40326331004888116
Vietnamese Iced Coffee,44869.06,0.01902322079702936,0.4222865308459105
Hojicha Black Sesame,40320.869999999995,0.01709491602316423,0.4393814468690747
Strawberry Milk,36975.49,0.015676568895099455,0.45505801576417415
Banana Matcha,29954.75,0.012699972390101672,0.46775798815427583
GFM: Pandan,26994.690000000002,0.011444990116070195,0.479202978270346
Coconut Matcha Cloud,24537.050000000003,0.010403019806025563,0.48960599807637156
Jasmine Oat Latte,23841.61,0.010108172785136645,0.4997141708615082
Ube Matcha Cream Top,22544.58,0.009558268506545318,0.5092724393680536
Hojicha Strawberry,20965.79,0.008888905904294635,0.5181613452723481
MD: Dubai Chocolate,18300.15,0.007758749438226629,0.5259200947105748
Matcha Mango,17415.36,0.007383623337323164,0.5333037180478979
Double Matcha,17178.32,0.007283125037208835,0.5405868430851067
Banana Cream Top,16760.940000000002,0.007106167643934626,0.5476930107290414
Sook Cream Top,16043.99,0.00680220098739156,0.554495211716433
GFM: Chocolate,15669.830000000002,0.006643567659806438,0.5611387793762395
Cookie Butter Espresso Cream Top,15562.36,0.006598003399288015,0.5677367827755275
Latte: Hojicha,13364.64,0.005666231866520281,0.5734030146420478
MD: Cinnamon Sugar Nutella,12623.94,0.005352195877258201,0.578755210519306
Cream Top,11774.23,0.004991942710745601,0.5837471532300517
MD: Thai Tea Oreo,10929.939999999999,0.004633987471952456,0.5883811407020041
MD: Strawberry Passionfruit,10721.24,0.004545504535596313,0.5929266452376004
MD: Tiramisu,10068.54,0.004268778073882582,0.597195423311483
MD: Passionfruit,9494.86,0.004025553872019655,0.6012209771835026
ube espresso cream top,8638.11,0.0036623159433031875,0.6048832931268059
Matcha Blueberry,8559.65,0.003629051107718601,0.6085123442345245
Ube Mochi Muffin,8434.74,0.0035760927771951415,0.6120884370117197
Cookie Butter Hojicha Cream Top,7764.91,0.0032921036767666017,0.6153805406884862
MD: Guava Cream Cheese,7728.16,0.0032765227092961258,0.6186570633977824
MD: Raspberry Lychee,7307.83,0.0030983145989052384,0.6217553779966876
MD: POG,7040.83,0.002985114100548312,0.6247404920972359
MD: Raspberry Yuzu,7020.12,0.002976333642417331,0.6277168257396533
BD: Mango Sticky Rice,6762.94,0.002867296548157277,0.6305841222878106
MD: Earl Grey Chocolate,6572.41,0.002786517181296059,0.6333706394691067
MD: Lemon Blueberry,6492.83,0.0027527774971790393,0.6361234169662857
MD: Triple Berry,6478.110000000001,0.0027465366307527703,0.6388699535970385
MD: Cookie Butter,6205.59,0.0026309958074859923,0.6415009494045245
strawberry rose matcha,6040.68,0.002561078600804192,0.6440620280053287
MD: Okinawa Milk Tea,6028.41,0.0025558764655426204,0.6466179044708714
MD: Blueberry Cornflakes,5982.24,0.0025363016827368553,0.6491542061536083
MD: Flan,5900.02,0.0025014427127933855,0.6516556488664017
MD: Taro Lavender,5812.93,0.0024645189996776373,0.6541201678660793
Pandan Mochi Muffin,5795.1900000000005,0.002456997738101413,0.6565771656041807
Green Thai Tea,5725.49,0.0024274468963955036,0.6590046125005762
MD: Key Lime Pie,5718.79,0.002424606284638982,0.6614292187852152
Ube Hojicha Cream Top,5677.78,0.0024072191968576425,0.6638364379820728
MD: Mexican Hot Chocolate,5550.94,0.002353442600559543,0.6661898805826324
MD: Raspberry Drop,5502.52,0.0023329138809698715,0.6685227944636023
MD: Green Thai Tea,5448.3099999999995,0.002309930364056279,0.6708327248276585
Matcha Mochi Muffin,5401.63,0.0022901393555794956,0.6731228641832381
Chocolate Mochi Muffin,5376.65,0.002279548537418611,0.6754024127206567
BD: Tiramisu,5272.55,0.0022354130622165287,0.6776378257828732
Jasmine Sea Salt Cream Top,5205.07,0.0022068034381374072,0.6798446292210106
Mango Milk,5148.9,0.0021829889362920568,0.6820276181573027
MD: Yuzu Lemon,5114.74,0.0021685060560528335,0.6841961242133555
MD: Blood Orange,5039.6900000000005,0.0021366869646607467,0.6863328111780163
Earl Grey Matcha,5022.33,0.0021293268124080262,0.6884621379904243
MD: Calamansi,4977.96,0.0021105151790293867,0.6905726531694537
MD: Mango Calpico,4952.43,0.0020996911763213255,0.6926723443457751
MD: smores,4926.38,0.0020886467082232058,0.6947609910539982
BD: Passionfruit,4870.67,0.002065027233453676,0.6968260182874519
MD: Dole Whip,4827.15,0.002046575976193401,0.6988725942636453
MD: Yogurt Parfait,4422.92,0.001875193813456246,0.7007477880771016
MD: Dalgona,4415.4400000000005,0.0018720225036146364,0.7026198105807162
MD: Matcha Raspberry,4374.530000000001,0.0018546778130236932,0.7044744883937399
Banana Latte,4187.62,0.0017754332244548047,0.7062499216181948
MD: Guava strawberry,4173.78,0.0017695654533040185,0.7080194870714988
MD: Matcha Sakura Crunch,4164.59,0.0017656691515066398,0.7097851562230054
MD: Matcha Tea-ramisu,4116.47,0.0017452676234881556,0.7115304238464936
MD: Honey miso,4099.54,0.0017380897791541376,0.7132685136256477
MD: Strawberry Shortcake,3865.3199999999997,0.0016387870798089716,0.7149073007054567
MD: Mango Float,3823.4,0.00162101417759503,0.7165283148830518
MD: mazapán,3796.9800000000005,0.0016098128398924461,0.7181381277229443
MD: Matcha Strawberry Crunch,3753.01,0.0015911707952753896,0.7197292985182197
MD: Banana Milk,3731.51,0.0015820553993402813,0.72131135391756
MD: Guava Cheesecake,3656.31,0.0015501727121626,0.7228615266297226
MD: Strawberry Lychee Calpico,3622.4700000000003,0.0015358255029326434,0.7243973521326552
MD: strawberry Passion,3544.46,0.0015027514547048388,0.72590010358736
MD: Ube,3478.37,0.0014747311515722198,0.7273748347389323
MD: Milk Tea,3453.31,0.001464106415659019,0.7288389411545912
BD: Thai Tea Boba,3413.05,0.0014470373068056488,0.7302859784613969
Hojicha mochi muffin,3405.78,0.0014439550310638705,0.7317299334924607
MD: Ube cheesecake,3360.95,0.0014249483706094096,0.7331548818630701
MD: Hojicha Strawberry,3357.73,0.001423583181078663,0.7345784650441488
MD: Blackberry Yuzu,3357.22,0.0014233669554076442,0.7360018319995565
MD: Mango Peach,3351.16,0.0014207976856696555,0.7374226296852261
MD: White Peach Lychee,3336.65,0.0014146458533432175,0.7388372755385693
MD: Passionfruit Raspberry,3311.67,0.0014040550351823334,0.7402413305737516
MD: Twix,3307.1499999999996,0.0014021386821764406,0.7416434692559281
MD: Pineapple Cake,3293.31,0.0013962709110256549,0.7430397401669537
MD: Banana Cream Pie,3270.93,0.001386782419815063,0.7444265225867688
MD: Mango Calamansi,3265.37,0.0013844251360290536,0.7458109477227979
MD: Ube Coconut,3261.37,0.0013827292484132195,0.7471936769712111
MD: P.O.G.,3255.67,0.001380312608560656,0.7485739895797717
MD: Guava,3222.25,0.0013661434675303619,0.7499401330473021
MD: Fruity Pebbles,3162.71,0.0013409001803686713,0.7512810332276708
Sando: Strawberry,3158.08,0.0013389371904533433,0.7526199704181241
GFM: Pandan Muffin,3157.33,0.0013386192115253743,0.7539585896296495
MD: Vietnamese Coffee,3147.1800000000003,0.0013343158967001954,0.7552929055263496
MD: Matcha Mango,3140.19,0.0013313523330915253,0.7566242578594412
MD: Strawberry Nesquik,3085.48,0.0013081568302259544,0.7579324146896672
MD: Hojicha Maple,3045.6400000000003,0.0012912657895722468,0.7592236804792395
MD: Cookies n Cream,3039.34,0.001288594766577308,0.7605122752458168
MD: Lemon Cheesecake,3031.51,0.0012852750665693128,0.761797550312386
MD: Chocolate Strawberry,3018.6400000000003,0.0012798185481653665,0.7630773688605514
Carrot Cake Matcha Cream Top,2994.16,0.0012694397159564617,0.7643468085765079
MD: Thai Tea Cream,2987.78,0.0012667347752092063,0.7656135433517172
Guava Matcha Latte,2974.78,0.0012612231404577456,0.7668747664921749
MD: Pandan Coconut,2919.87,0.0012379428432113826,0.7681127093353863
MD: Kinako,2825.41,0.0011978944571634602,0.7693106037925498
MD: matcha yuzu,2792.91,0.0011841153702848081,0.7704947191628346
MD: Milo,2777.23,0.0011774674908307384,0.7716721866536653
BD: Ferrero Rocher,2775.52,0.0011767424988749695,0.7728489291525403
MD: Black sesame strawberrry,2731.21,0.0011579563038105671,0.7740068854563509
BD: Calamansi,2710.01,0.0011489680994466464,0.7751558535557975
MD: Pineapple Mango,2703.79,0.0011463309942040243,0.7763021845500016
BD: Creme Brulee,2671.37,0.0011325858250776889,0.7774347703750792
MD: Lemon Meringue,2609.78,0.0011064733955128833,0.7785412437705921
MD: Pretzel Dark Chocolate,2601.7,0.0011030477025288983,0.779644291473121
MD: Turon,2586.55,0.0010966245281839268,0.7807409160013049
MD: Matcha Oreo,2552.52,0.001082196764292218,0.7818231127655971
MD: Samoa,2541.75,0.0010776305868865847,0.7829007433524837
BD: Guava Cream Cheese,2485.08,0.001053604099089255,0.783954347451573
Pandan Cream Latte,2477.47,0.0010503776729001305,0.7850047251244732
BD: Earl Grey Chocolate,2470.85,0.001047570978895925,0.7860522961033691
MD: Raspberry cheesecake,2459.1,0.0010425893090244124,0.7870948854123936
MD: Cinnamon Toast Crunch,2449.17,0.0010383792680181043,0.7881332646804117
MD: Berry Chantilly,2445.41,0.0010367851336592201,0.7891700498140709
MD: fruity Pebbles,2443.87,0.001036132216927124,0.790206182030998
MD: White Peach Yuzu,2427.07,0.0010290094889406208,0.7912351915199386
MD earl Grey Black Sesame,2423.75,0.0010276019022194785,0.7922627934221581
BD: Injeolmi,2423.08,0.0010273178410438264,0.7932901112632019
MD: Green Apple Caramel,2364.6800000000003,0.0010025578818526485,0.7942926691450546
MD: Almond Cookie,2330.82,0.0009882021931846127,0.7952808713382392
Sando: Mango Sticky,2302.04,0.0009760002817886863,0.7962568716200279
MD: Lemon Poppyseed,2285.15,0.0009688393963308269,0.7972257110163588
MD: Thai Tea,2284.96,0.0009687588416690747,0.7981944698580278
BD: Ube,2252.81,0.000955128144956808,0.7991495980029846
MD: Vietnamese Mocha,2235.88,0.0009479503006227903,0.8000975483036074
MD: Chocolate Covered Strawberry,2209.63,0.0009368210381438789,0.8010343693417512
MD : Yuzu calamasi,2207.1,0.0009357483892268638,0.801970117730978
Osmanthus Matcha Cream,2201.85,0.0009335225367310815,0.8029036402677091
MD: Cookie Butter Espresso,2182.44,0.0009252932420752466,0.8038289335097843
MD: Chocolate Orange,2173.67,0.0009215750084775303,0.8047505085182619
MD: Black Sesame Jasmine,2162.64,0.0009168985983768677,0.8056674071166388
MD: Mango Sticky Rice,2154.03,0.0009132482002837849,0.8065806553169226
MD Strawberry Pistachio,2097.3,0.0008891962741722177,0.8074698515910947
MD: Cookie Butter Pie,2067.63,0.0008766170277817682,0.8083464686188765
MD: Guava Yuzu,2065.85,0.0008758623577927219,0.8092223309766692
MD: Ube N Cream,2052.23,0.0008700878604608068,0.81009241883713
MD: Raspberry Tru Fru,1990.26,0.000843814321572497,0.8109362331587026
MD: Jasmine sea salt,1982.39,0.0008404776626883434,0.8117767108213909
MD: Matcha Strawberry,1980.68,0.0008397526707325742,0.8126164634921235
MD: Pumpkin Cheesecake,1978.21,0.0008387054601297967,0.8134551689522532
MD: Oolong Honey,1975.94,0.0008377430439078108,0.814292911996161
Kabocha Hojicha,1972.4,0.0008362421833677977,0.8151291541795288
MD: Blackberry Lime,1969.58,0.0008350465825986346,0.8159642007621274
MD White Peach Guava,1946.52,0.000825269790493351,0.8167894705526207
MD: Blueberry Crumble,1942.67,0.0008236374986631107,0.8176131080512838
MD: Biscoff,1940.04,0.0008225224525556997,0.8184356305038395
MD: Jasmine Tea,1939.96,0.000822488534803383,0.8192581190386429
MD: Jasmine Oreo,1933.42,0.0008197157585514943,0.8200778347971943
MD: Pistachio Raspberry,1932.94,0.0008195122520375942,0.8208973470492319
Matcha Cream Top,1926.97,0.0008169811397709618,0.8217143281890028
MD: Blackberry Lime Shiso,1926.93,0.0008169641808948035,0.8225312923698976
MD: Blackberry,1924.26,0.0008158321759112342,0.8233471245458088
MD: Brown Butter Hojicha,1923.43,0.0008154802792309486,0.8241626048250398
MD: Honey Boricha,1916.6,0.0008125845511269118,0.8249751893761667
MD: Berry Pie,1905.59,0.0008079166204643285,0.825783105996631
MD: Date Caramel,1898.32,0.0008048343447225499,0.8265879403413535
BD: Dubai Chocolate,1898.28,0.0008048173858463916,0.8273927577271999
BD: Mango Sago,1885.99,0.0007996067711467413,0.8281923644983467
BD: Flan,1882.97,0.0007983263759967866,0.8289906908743434
MD: Mango Passion Calpico,1872.47,0.0007938746710052221,0.8297845655453486
BD: Matcha Strawberry,1864.2,0.0007903684233594851,0.8305749339687081
Chocolate Loaf Cake,1853.95,0.0007860227113439101,0.8313609566800519
MD: Black Forest,1853.78,0.0007859506361202372,0.8321469073161721
MD: Blueberry Earl Grey,1847.67,0.0007833601677870506,0.8329302674839592
MD: Lucky Charms,1844.52,0.0007820246562895813,0.8337122921402488
Hojicha BB Cookie,1843.53,0.0007816049241046623,0.8344938970643534
MD: raspberry puff,1833.13,0.0007771956163034936,0.8352710926806569
MD: Raspberry Sakura,1832.34,0.0007768606784993664,0.8360479533591563
chocolate muffin,1826.3600000000001,0.0007743253265136945,0.8368222786856699
MD: Lemon Yuzu,1820.76,0.0007719510838515266,0.8375942297695215
MD: Jasmine strawberry,1810.03,0.0007674018653220517,0.8383616316348436
MD: Red Velvet,1802.85,0.0007643577470516294,0.8391259893818952
MD: Milo Krispy,1800.75,0.0007634674060533166,0.8398894567879485
Strawb Yakult Mint Tonic,1795.96,0.0007614365806333552,0.8406508933685818
Espresso Latte,1790.19,0.0007589902627475146,0.8414098836313293
MD Mango Yuzu,1778.72,0.0007541273050091103,0.8421640109363384
Kabocha Espresso,1774.37,0.0007522830272268906,0.8429162939635653
MD: Raspberry White Tea,1772.05,0.0007512994124097068,0.843667593375975
MD: Chocolate Haupia,1768.11,0.0007496289631081102,0.8444172223390831
MD: Blueberry Pie,1765.4,0.0007484799992483827,0.8451657023383315
MD: Hojicha Hot Chocolate,1759.63,0.000746033681362542,0.845911736019694
Carrot Cake Espresso Cream Top,1754.78,0.0007439774176283431,0.8466557134373224
Honey Lav Espresso Latte,1752.4499999999998,0.0007429895630921197,0.8473987030004145
MD: Lychee Yuzu,1748.57,0.0007413445521047606,0.8481400475525193
BD: Pandan & Mango,1743.32,0.0007391186996089784,0.8488791662521282
MD: Chocolate Passionfruit,1728.45,0.0007328142373971151,0.8496119804895254
MD: Blood Orange Cream,1724.14,0.0007309869184910539,0.8503429674080164
MD/white peaches N cream,1708.7,0.0007244407922939343,0.8510674082003103
MD: Strawberry yakult,1696.92,0.0007194464032653028,0.8517868546035756
MD: White Peach Calpico,1684.23,0.0007140661998040691,0.8525009208033797
BD: Banana Cream Pie,1678.92,0.0007118149089940493,0.8532127357123738
MD: Banana Kick,1677.07,0.000711030560971726,0.8539237662733455
MD: Passionfruit Matcha,1676.54,0.000710805855862628,0.8546345721292081
BD: Korean Potato,1674.42,0.0007099070354262359,0.8553444791646344
MD: Mango Milk,1670.97,0.000708444332357579,0.856052923496992
Earl Grey Hojicha,1663.85,0.0007054256524013943,0.8567583491493934
MD: Banana Foster,1662.71,0.0007049423244308815,0.8574632914738243
MD: White Peach Lychee Lemon,1662.53,0.000704866009488169,0.8581681574833124
BD: Fig Honey Marscapone,1660.04,0.0007038103194473123,0.8588719678027598
MD: Ube Crunch,1653.41,0.0007009993857240673,0.8595729671884839
MD: Mango Orange,1653.39,0.0007009909062859882,0.8602739580947698
MD: Cafe de olla,1651.5,0.0007001895993875065,0.8609741476941574
MD: Hojicha Berry,1650.78,0.0006998843396166563,0.861674032033774
BD: Raspberry Cream,1650.23,0.0006996511550694792,0.8623736831888434
MD: Cherry Calamansi,1649.03,0.000699142388784729,0.8630728255776282
MD: Black Sesame Crumble,1645.17,0.000697505857235449,0.8637703314348637
MD: Twix Choc,1644.34,0.0006971539605551633,0.8644674853954188
MD: Gingerbread n’ Cream,1635.1,0.0006932364601625866,0.8651607218555815
MD: Vietnamese Coffee n Cream,1635.01,0.0006931983026912304,0.8658539201582727
MD: Chocolate Mocha,1628.74,0.0006905399988534105,0.866544460157126
MD Boo-Ube,1622.24,0.00068778418147768,0.8672322443386037
MD: Strawberry milk,1622.22,0.0006877757020396009,0.8679200200406433
MD: Peach Cobbler,1620.23,0.0006869319979507234,0.868606952038594
MD: Red Lemon Yuzu,1617.35,0.0006857109588673227,0.8692926629974612
MD: Jasmine Yuzu,1614.95,0.0006846934262978223,0.8699773564237591
MD: Jasmine Strawberry,1614.75,0.0006846086319170306,0.8706619650556761
GFD: guava coconut,1608.04,0.0006817637804414689,0.8713437288361175
MD: Strawb Passion,1604.07,0.0006800806119827535,0.8720238094481003
MD: Strawberry Drop,1598.64,0.0006777784445442588,0.8727015878926446
MD: Mango Tajin Lime,1597.05,0.0006771043292169647,0.8733786922218616
GFD: Matcha Strawberry Donut,1594.29,0.0006759341667620392,0.8740546263886236
MD: Black Sesame Raspberry,1587.39,0.0006730087606247254,0.8747276351492483
MD: Baklava,1585.19,0.0006720760224360167,0.8753997111716844
MD: Ube macapuno,1583.12,0.0006711984005948224,0.8760709095722792
BD: Yuzu Lemon,1577.6599999999999,0.0006688835139992089,0.8767397930862784
MD: birthday cake,1576.23,0.0006682772341765482,0.8774080703204549
MD: Banana Split,1575.7,0.0006680525290674501,0.8780761228495223
MD: Grapefruit Paloma,1573.26,0.0006670180376217913,0.8787431408871441
BD: Triple Raspberry,1569.63,0.000665479019610422,0.8794086199067546
MD: Brown sugar injeolmi,1561.88,0.0006621932373547434,0.8800708131441093
MD Earl Grey Banana,1560.84,0.0006617523065746264,0.8807325654506839
MD: Pomegranate,1552.42,0.0006581824631432957,0.8813907479138272
BD: Yuja Calamansi,1551.72,0.0006578856828105247,0.8820486335966378
MD: Mocha matcha,1548.92,0.0006566985614794409,0.8827053321581172
MD: Choco Strawberry,1543.48,0.0006543921543219064,0.8833597243124391
MD: Vanilla Macadamia,1536.14,0.0006512802005468509,0.884011004512986
Peach Americano,1535.48,0.0006510003790902383,0.8846620048920762
MD: Strawberry Lychee Shortcake,1532.23,0.0006496224704023731,0.8853116273624786
MD: Mugwort Strawberry,1527.59,0.0006476552407680055,0.8859592826032466
MD: Ube White Choco Macadamia,1527.55,0.0006476382818918471,0.8866069208851385
MD: Salted Caramel,1519.36,0.0006441659519984267,0.8872510868371369
MD: Coffee Caramel Pecan,1514.8,0.0006422326401163759,0.8878933194772534
MD: Blueberry Passionfruit,1511.81,0.0006409649641235398,0.8885342844413769
MD: blackberry keylime,1497.75,0.0006350039191538831,0.8891692883605308
Banana Hojicha,1492.36,0.0006327187105915465,0.8898020070711223
MD: Honeydew,1484.2,0.000629259099855245,0.8904312661709776
MD: Mint Oreo Chip,1483.64,0.0006290216755890283,0.8910602878465665
MD: Li Hing Mui Guava,1478.6,0.0006268848571930772,0.8916871727037596
MD: Banana Oreo,1472.79,0.0006244215804310782,0.8923115942841907
MD: Mango Passionfruit,1470.51,0.0006234549244900527,0.8929350492086807
MD: Dark Chocolate Acai,1454.41,0.0006166289768363205,0.8935516781855171
MD: peanut butter chocolate,1453.38,0.0006161922857752433,0.8941678704712923
MD: Raspberry Yogurt,1448.83,0.0006142632136122319,0.8947821336849046
BD: Strawberry Sago,1442.65,0.0006116430672457682,0.8953937767521504
MD: Matcha Chocolate,1441.83,0.0006112954102845222,0.8960050721624349
MD: Blue Raspberry,1436.83,0.0006091755507647296,0.8966142477131996
MD: Hojicha Tearamisu,1435.79,0.0006087346199846127,0.8972229823331842
MD: Pumpkin Hojicha Spice,1431.68,0.0006069920954593432,0.8978299744286435
MD: Bubulubu,1431.32,0.0006068394655739181,0.8984368138942175
MD: Chai,1430.45,0.0006064706100174743,0.899043284504235
MD: Banana Coffee,1427.61,0.000605266529810232,0.8996485510340452
MD: Taro,1423.95,0.0006037147926417438,0.9002522658266869
MD: Blueberry Lime,1423.67,0.0006035960805086354,0.9008558619071956
MD: Reese’s,1420.98,0.000602455596086987,0.9014583175032825
MD: Vanilla Chai,1401.43,0.0005941669453645978,0.9020524844486472
Raspberry Lychee Spritz,1397.85,0.0005926491259484262,0.9026451335745956
MD: Passion Pear,1383.21,0.0005864421772744735,0.9032315757518701
MD: Abuelita,1382.68,0.0005862174721653755,0.9038177932240354
MD: Hibiscus,1372.23,0.0005817869657690088,0.9043995801898045
MD: Black Sesame Yuzu,1371.3,0.0005813926718983274,0.9049809728617028
GFM: Hojicha,1371.18,0.0005813417952698523,0.9055623146569726
MD: Black Sésame Jasmjne,1371.12,0.0005813163569556148,0.9061436310139281
GFD: Raspberry,1366.81,0.0005794890380495535,0.9067231200519777
MD: White Chocolate Yuzu,1364.46,0.000578492704075251,0.907301612756053
MD: Raspberry KeyLime Pie,1360.97,0.0005770130421304358,0.9078786257981835
MD: Matcha Lemon,1350.63,0.0005726291726435047,0.908451254970827
MD: Hibiscus mango,1347.32,0.0005712258256414019,0.9090224807964684
MD: Choco Cardamom Pistachio,1345.6,0.0005704965939665932,0.909592977390435
BD: Tang Yuan Black Sesame,1339.5500000000002,0.0005679315639476443,0.9101609089543826
MD: Choco Pomegranate,1338.19,0.0005673549621582606,0.9107282639165408
MD: Mandarin Orange,1336.64,0.0005666978057071248,0.911294961722248
MD: Jasmine Raspberry,1332.05,0.0005647517746679552,0.911859713496916
MD:Cranberry Orange,1328.95,0.0005634374617656838,0.9124231509586817
MD: Guava Creamcheese,1326.06,0.0005622121829632436,0.9129853631416449
MD: Peppermint Bark,1325.85,0.0005621231488634123,0.9135474862905083
MD: apple pie,1315.07,0.0005575527317387394,0.914105039022247
MD: Gingerbread Cookies & Cream,1307.27,0.0005542457508878629,0.914659284773135
MD: Melona,1306.64,0.0005539786485883691,0.9152132634217234
MD: Blueberry Basil,1304.65,0.0005531349444994916,0.9157663983662229
MD: Choco Candy Cane,1302.06,0.0005520368572682389,0.9163184352234911
MD: Brown Sugar Caramel,1297.65,0.0005501671411717819,0.9168686023646628
MD: Lemon Lychee,1292.92,0.0005481617540660581,0.9174167641187289
MD: Mojito,1291.66,0.0005476275494670703,0.9179643916681959
MD: Raspberry Chocolate Chip,1289.72,0.0005468050439733908,0.9185111967121693
MD: Brown Sugar Maple,1285.46,0.0005449989236625274,0.9190561956358319
Cookie box,1274.0,0.0005401402056431627,0.919596335841475
MD: Rosemary Honey Pear,1270.49,0.0005386520642602684,0.9201349879057353
MD: Cherry Garcia,1268.92,0.0005379864283710534,0.9206729743341064
MD: Pink Guava,1255.76,0.0005324069581149592,0.9212053812922214
MD: Pineapple Dole Whip,1255.17,0.0005321568146916237,0.9217375381069131
MD: Poached Pear,1253.18,0.0005313131106027462,0.9222688512175158
MD: Horchata,1247.42,0.0005288710324359451,0.9227977222499517
MD: Milk & Cookies,1243.56,0.0005272345008866652,0.9233249567508384
MD: Strawberry Lemon Cream,1243.44,0.0005271836242581901,0.9238521403750966
MD: Pandan Tiramisu,1241.72,0.0005264543925833815,0.9243785947676799
BD: Strawberry Sando,1233.37,0.0005229142271853277,0.9249015089948652
MD: Matcha white chocolate raspberry,1224.28,0.0005190603225783448,0.9254205693174435
MD: Mangonada,1218.58,0.0005166436827257812,0.9259372130001693
MD: coconut white chocolate,1213.03,0.0005142906386588113,0.9264515036388281
Americano,1208.5300000000002,0.0005123827650909981,0.9269638864039191
MD: Brown Butter Krispy,1207.05,0.0005117552866731394,0.9274756416905923
MD: Apple Cider,1205.5,0.0005110981302220036,0.9279867398208143
MD: Maple Pecan,1198.4,0.0005080879297038981,0.9284948277505182
MD: Jasmine Hojicha,1193.91,0.0005061842958551244,0.9290010120463733
MD: Sea Salt Cocoa Puffs,1193.28,0.0005059171935556304,0.929506929239929
Egg Tart,1191.04,0.0005049674964907634,0.9300118967364197
MD: Choco Sundae,1189.4399999999998,0.0005042891414444296,0.9305161858778641
Egg Coffee,1187.22,0.0005033479238176419,0.9310195338016818
MD: Hot Honey Cornbread,1181.88,0.0005010839138505033,0.9315206177155323
MD: Strawberry Cornflakes,1181.17,0.0005007828937986928,0.932021400609331
GFM: Matcha,1177.03,0.0004990276501163044,0.9325204282594474
MD: Chocolate Kettle Corn,1171.98,0.0004968865920013138,0.9330173148514487
Combo Rice & Chicken,1166.9,0.0004947328147292046,0.9335120476661779
SS: Osmanthus Matcha Cream,1157.9,0.0004909170675935779,0.9340029647337715
MD: Spiced Apple Cider,1155.73,0.0004899970485619878,0.9344929617823335
MD: Peppermint Hot Cocoa,1150.79,0.00048790262735643266,0.93498086440969
MD:brown Sugar Carmel,1148.17,0.00048679182096806136,0.9354676562306581
MD: Tart Blackberry,1148.09,0.00048675790321574464,0.9359544141338738
MD: Kiwi Lime,1126.22,0.0004774856376761717,0.93643189977155
BD: Everything Salmon,1120.0,0.00047484853243354966,0.9369067483039835
MD: Cherry White Choc Almond,1117.72,0.00047388187649252423,0.937380630180476
MD: Coconut Choc Chip,1116.0,0.00047315264481771557,0.9378537828252937
MD: Peaches n' Cream,1114.05,0.0004723258996049964,0.9383261087248987
MD: Mocha Crunch,1113.18,0.0004719570440485525,0.9387980657689473
BD: Matcha Raspberry,1110.34,0.00047075296384131027,0.9392688187327887
BD: Black Earl Grey,1109.9,0.0004705664162035686,0.9397393851489922
Apricot Osmanthus Tea,1106.92,0.00046930297992977215,0.940208688128922
MD: Triple Corn,1105.13,0.0004685440702216864,0.9406772321991437
MD: Blueberry Acai,1101.85,0.00046715344237670237,0.9411443856415204
MD: Mango Pomegranate,1097.58,0.00046534308234679947,0.9416097287238672
MD: Pumpkin Pie,1091.5,0.00046276533317073164,0.9420724940570379
MD: Strawberry White Peach,1090.59,0.00046237951873812934,0.942534873575776
MD: Rasp Shortcake,1078.77,0.0004573681708333396,0.9429922417466093
MD: Neapolitan,1073.81,0.0004552652701897053,0.943447507016799
BD: Okinawa Milk Tea Boba,1069.56,0.00045346338959788155,0.9439009704063969
BD: White Peach Lychee Marscapone,1069.33,0.0004533658760599711,0.9443543362824568
MD: Chocolate Krispy Treat,1066.28,0.0004520727617528976,0.9448064090442096
Sakura Blueberry Milk,1053.21,0.0004465314489681597,0.9452529404931778
Black Sesame Orange Cookie,1049.03,0.000444759246409613,0.9456976997395874
BD: Banana Caramel,1046.93,0.0004438689054113002,0.9461415686449987
MD: Acai Bowl,1034.42,0.000438565016892779,0.9465801336618914
MD: Orange Sherbert,1022.1,0.0004333416830360099,0.9470134753449274
BD: Black Sesame Berry,1016.56,0.00043099287868807965,0.9474444682236155
MD: Sweet Corn Turtle Chip,1015.38,0.0004304925918414086,0.9478749608154569
BD: Sea Salt Green Thai Tea,1013.1,0.00042952593590038317,0.9483044867513573
MD: Injeolmi,1006.6,0.00042677011852465275,0.9487312568698819
MD: Mandarin Tanghulu,1000.61,0.0004242305268199412,0.9491554873967019
GFD: Matcha Yuzu,999.94,0.000423946465644289,0.9495794338623461
BD: Strawberry Sakura,993.02,0.000421012580068896,0.950000446442415
MD: Sesame Honey Butter,988.38,0.0004190453504345284,0.9504194917928496
MD: Biscoff Chai,982.45,0.00041653119704405435,0.9508360229898937
MD: Cherry Cream,981.91,0.00041630225221591673,0.9512523252421096
MD: White Chocolate Raspberry Rose Pistachio,981.38,0.0004160775471068187,0.9516684027892164
Matcha yuzu lemonade,980.05,0.00041551366447455383,0.952083916453691
BD: Matcha Anko,971.75,0.0004119946976716981,0.9524959111513627
Strawb Yuzu Lemonade,965.48,0.00040933639383387816,0.9529052475451966
MD: Blueberry Rosemary,964.78,0.00040903961350110716,0.9533142871586977
BD: Japanese Curry,943.5,0.0004000174913848697,0.9537143046500826
BD: Mango Passionfruit,942.09,0.0003994196910002882,0.9541137243410829
BD: Jasmine Strawberry,940.53,0.0003987582948301129,0.954512482635913
BD: Raspberry Lychee Cream,938.58,0.00039793154961739383,0.9549104141855305
MD: Peppermint White Mocha,916.12,0.0003884091406544853,0.955298823326185
GFM: Lemon,911.82,0.0003865860614674636,0.9556854093876525
Earl Grey Espresso,910.2,0.00038589922698305083,0.9560713086146355
MD: Pandan,900.03,0.0003815874327197926,0.9564528960473553
SS: Halo halo,898.0,0.0003807267697547568,0.95683362281711
Matcha Strawberry Cookies,895.51,0.0003796710797139,0.957213293896824
MD: Coconut Calamansi,894.51,0.0003792471078099415,0.9575925410046339
BD: Jasmine Mandarin,884.1,0.00037483356028973326,0.9579673745649236
BD: Che Thai,876.83,0.0003717512845479548,0.9583391258494716
BD: Kinako Azuki,870.65,0.00036913113818149107,0.958708256987653
SS: Brown Sugar Oolong,870.63,0.0003691226587434119,0.9590773796463965
BD: Choc Citrus,870.09,0.0003688937139152743,0.9594462733603117
BD: Matcha Yuzu Lemon,868.83,0.0003683595093162866,0.959814632869628
BD: Goguma Brulee,864.51,0.0003665279506911857,0.9601811608203191
MD: Furikake Chef Mix,860.84,0.00036497197380365795,0.9605461327941228
BD: P.O.G.,857.56,0.00036358134595867395,0.9609097141400815
BD: Oolong Lychee,855.36,0.00036264860776996524,0.9612723627478514
horchata espresso,854.05,0.0003620932045757795,0.9616344559524272
Tote,854.0,0.0003620720059805816,0.9619965279584078
MD: Kabocha Spice,852.94,0.0003616225957623856,0.9623581505541702
BD: Mandarin & Cream,850.85,0.0003607364944831123,0.9627188870486533
BD: Ssuk,847.56,0.0003593416269190887,0.9630782286755724
MD: Strawberry Balsamic,842.29,0.0003571072949852273,0.9634353359705576
BD: White Peach Lychee Cream,840.08,0.00035617031707747896,0.9637915062876351
BD: Chocolate Espresso,836.85,0.0003548008878276929,0.9641463071754628
BD: Hojicha & Caramel,828.89,0.000351426071472183,0.964497733246935
BD: Pineapple Dole Whip,824.45,0.00034954363621860716,0.9648472768831536
MD: Eggnog,813.92,0.00034507921206992383,0.9651923560952236
BD: Brown Sugar Caramel,809.2,0.00034307806468323964,0.9655354341599068
strawb yuzu lemonade,796.19,0.00033756219021273924,0.9658729963501196
MD: Molé,795.8,0.00033739684117019535,0.9662103931912898
BD: Jasmine Blood Orange,789.95,0.000334916605532038,0.9665453097968218
BD: Oolong Peach & Cream,786.5,0.0003334539024633811,0.9668787636992853
BD: Dirty Chai,785.92,0.0003332079987590851,0.9672119716980444
BD Caramel Pear,772.8,0.00032764548737914924,0.9675396171854236
BD: Mandarin Creamsicle,771.65,0.00032715791968959695,0.9678667751051132
MD: Cherry Lime,771.4,0.0003270519267136073,0.9681938270318268
BD: Peanut Butter Toffee Crunch,766.51,0.0003249787041032501,0.96851880573593
BD: Cookie Butter,760.38,0.00032237975633198437,0.968841185492262
BD: Strawberry Coconut Sago,759.55,0.0003220278596516988,0.9691632133519137
BD: Spiced Pear,755.26,0.0003202090201837167,0.9694834223720974
BD: Hojicha Maple,752.58,0.0003190727754811079,0.9698024951475785
BD: Matcha Mango,746.08,0.00031631695810537745,0.970118812105684
Carrot Cake Hojicha Cream Top,739.41,0.00031348906550597404,0.97043230117119
MD: Maple Pumpkin Hojicha,737.29,0.000312590245069582,0.9707448914162595
GFD: Thai Tea Donut,736.0899999999999,0.00031208147878483174,0.9710569728950443
Peach-Matcha Tonic,731.39,0.0003100888108362267,0.9713670617058806
BD: Matcha Strawberry Passionfruit,721.33,0.0003058236534824039,0.971672885359363
BD: Key Lime Yuzu Pie,720.24,0.00030536152410708914,0.9719782468834701
BD: Lemon Pesto,716.94,0.000303962416824026,0.9722822093002942
BD: Choc Sea Salt Cream,708.4,0.00030034169676422014,0.9725825509970584
GFD: Mango Calamansi,705.9,0.00029928176700432386,0.9728818327640627
GFD: chocolate strawberry,702.66,0.0002979080980354982,0.9731797408620982
BD: Hojicha Strawberry Lychee,695.45,0.00029485126060795725,0.9734745921227062
BD: Yuzu,695.15,0.0002947240690367697,0.9737693161917429
BD: Jasmine Lychee,692.45,0.00029357934489608167,0.9740628955366389
BD: Jasmine & Mango,692.3,0.0002935157491104879,0.9743564112857495
BD: Biscoff cheesecake,688.57,0.0002919343339087226,0.9746483456196582
Golden Kiwi Spritz,688.42,0.00029187073812312876,0.9749402163577813
BD: Osmanthus Tangerine,667.74,0.0002831029991492665,0.9752233193569305
BD:Ube boba,667.56,0.0002830266842065539,0.9755063460411371
BD: Brown Sugar & Date Caramel,663.0,0.00028109337232450304,0.9757874394134616
BD: Vanilla Azuki,658.91,0.0002793593272373127,0.9760667987406989
BD: Boricha,658.38,0.00027913462212821467,0.9763459333628272
BD: Spiced Goguma,652.83,0.00027678157806124485,0.9766227149408884
BD: Honey Miso,637.39,0.0002702354518641252,0.9768929503927525
GFD: Coffee Choco,633.58,0.00026862011891004323,0.9771615705116625
Black Sesame Caramel,631.58,0.00026777217510212616,0.9774293426867646
GFD: Matcha,628.11,0.00026630099259539007,0.97769564367936
BD: Sweet Heart Cherry Pie,624.25,0.00026466446104611016,0.9779603081404061
BD: Melona,619.86,0.00026280322438773223,0.9782231113647939
BD: Apple Pie,618.21,0.0002621036707462007,0.9784852150355401
Osmanthus Tea,614.37,0.0002604756186349999,0.978745690654175
GFD: Blueberry Chocolate,613.29,0.0002600177289787247,0.9790057083831538
BD Lemon Cheesecake,606.05,0.00025694817239406496,0.9792626565555479
GFD: Horchata,591.19,0.00025064794990124127,0.9795133045054492
BD: Dark Chico Lingonberry,587.68,0.00024915980851834683,0.9797624643139675
BD: Strawberry Cannoli,584.41,0.00024777342039240244,0.9800102377343599
BD: Blackberry Earl Grey,577.29,0.00024475474043621773,0.9802549924747961
Pumpkin Cheesecake Matcha,576.71,0.0002445088367319218,0.980499501311528
BD: Raspberry Curd,576.36,0.00024436044656553634,0.9807438617580935
MD: Lemon Yuzu Cloud,570.37,0.00024182085486082475,0.9809856826129543
BD Yuzu Cream Cheese,565.13,0.00023959924208408206,0.9812252818550383
BD: Mango Lychee Calpico,563.56,0.00023893360619486715,0.9814642154612332
GFM: Strawberry Sprinkle,559.07,0.0002370299723460934,0.9817012454335793
Lemon Yuzu Lemonade,556.25,0.00023583437157693036,0.9819370798051562
BD: White Chocolate Raspberry,552.51,0.00023424871665612547,0.9821713285218123
MD: Blueberry Basil Lemon,551.55,0.00023384170362832527,0.9824051702254406
BD: Ube Tres Leche,543.88,0.00023058983912496337,0.9826357600645655
GFD: Blueberry Passionfruit,539.17,0.0002285929314573187,0.9828643529960228
BD: Matcha Strawberry Lychee,538.19,0.0002281774389914394,0.9830925304350142
BD: Lemon Blueberry,536.55,0.00022748212506894737,0.9833200125600832
GFD: Apple Cider,529.93,0.00022467543106474193,0.9835446879911479
MD: Raspberry White Chocolate Pistachio,529.44,0.00022446768483180227,0.9837691556759797
Coconut Butterfly Cloud,526.63,0.0002232763237816788,0.9839924319997614
GFD: Cranberry Spiced,526.0,0.00022300922148218492,0.9842154412212436
GFD: Matcha Chocolate,517.88,0.00021956656962204168,0.9844350077908657
GFD: mango peach,517.23,0.00021929098788446867,0.9846542987787501
GFD: Genmaicha,509.43,0.00021598400703359214,0.9848702827857837
BD: Cookies N' Cream,507.74,0.00021526749451590224,0.9850855502802996
Corn Matcha Cream Top,503.3,0.00021338505926232637,0.9852989353395619
GFM Kinako,483.27,0.0002048929020260371,0.985503828241588
Watermelon Matcha Spritz,480.02,0.00020351499333817188,0.9857073432349261
GFD: Raspberry Lychee,477.43,0.0002024169061069193,0.985909760141033
coconut strawberry rose cloud,476.32,0.00020194629729352532,0.9861117064383266
BD: S’mores,469.4,0.0001990124117181323,0.9863107188500447
Pumpkin Cheesecake Espresso,454.44,0.00019266979203491277,0.9865033886420796
Egg Sando / Fries,448.8,0.00019027859049658668,0.9866936672325762
BD: Salted Espresso,447.15,0.0001895790368550551,0.9868832462694312
Cookie Tin,442.5,0.00018760756750164798,0.9870708538369329
002: choco,432.83,0.000183507759190369,0.9872543615961233
GFD: Passionfruit,421.53,0.00017871687667563764,0.9874330784727989
Coconut Pandan Cloud,417.58,0.00017704218765500149,0.987610120660454
GFD: Black Sésame,415.39,0.0001761136891853323,0.9877862343496393
150 Mochi Donuts,414.0,0.00017552436823882995,0.9879617587178782
MD: Black Sesame,411.12,0.00017430332915542942,0.9881360620470336
Blueberry Milk,409.61,0.00017366313158045203,0.988309725178614
BD: Dalgona,409.5,0.0001736164946710166,0.9884833416732851
Mandarin Orange,403.5,0.00017107266324726544,0.9886544143365323
GFD: Strawberry Mango,403.47,0.00017105994409014668,0.9888254742806225
Horchata Caramel Cake,403.28,0.00017097938942839454,0.988996453670051
GFD: White Peach Lychee,401.53,0.00017023743859646712,0.9891666911086474
BD: Jasmine Peach,394.35,0.00016719332032604493,0.9893338844289734
GFD: Pumpkin Spice,388.54,0.00016473004356404587,0.9894986144725375
GFD: Choco. Peanut Butter,385.77,0.00016355564139008076,0.9896621701139275
coconut Matcha cloud,381.0,0.00016153329540819858,0.9898237034093358
GFD: Honey Rose Orange,375.54,0.00015921840881258505,0.9899829218181484
Sando: Strawberry Lychee,372.82,0.00015806520523381783,0.9901409870233823
Corn Espresso Cream Top,371.35,0.00015744196653499882,0.9902984289899173
Corn Hojicha Cream Top,368.44,0.0001562082082944795,0.9904546371982117
SS: Mango Stick Tiramisu,361.65,0.0001533294390666011,0.9906079666372783
Matcha Persimmon Latte,352.34,0.0001493822606407472,0.9907573488979191
Raspberry Choco Loaf,350.8,0.0001487293439086511,0.9909060782418277
GFD: Rasp. White Choco,349.39,0.00014813154352406955,0.9910542097853519
mango lemonade,347.29,0.00014724120252575666,0.9912014509878776
Jasmine mochi donut (GFD),346.94,0.00014709281235937119,0.991348543800237
Sando: Egg,346.12,0.00014674515539812519,0.9914952889556351
GFD: Ube Coconut,342.23,0.00014509590469172651,0.9916403848603268
GFD: triple Berry,338.66,0.00014358232499459459,0.9917839671853214
Fresas Con Crema Shortcake,330.93,0.00014030502217699518,0.9919242722074983
Chocolate Passion fruit,327.6,0.00013889319573681327,0.9920631654032351
GFD: Mexican Hot Cocoa,324.02,0.00013737537632064174,0.9922005407795558
Coconut Lychee Cream Top,318.71,0.00013512408551062197,0.9923356648650664
SS: Strawberry Pistachio,318.4,0.00013499265422039483,0.9924706575192868
Macaron Set,316.8,0.0001343142991740612,0.9926049718184609
MD: Black Sesame Caramel,311.15,0.0001319188579166955,0.9927368906763776
yuja espresso tonic,310.5,0.00013164327617912249,0.9928685339525567
GFD: Matcha Orange,307.46,0.00013035440159108854,0.9929988883541477
GFD:black sesame raspberry,306.96,0.0001301424156391093,0.9931290307697869
GFD: strawberry,303.24,0.00012856524015638358,0.9932575960099432
Extra Cream,296.38,0.00012565679289522808,0.9933832528028385
SS: Boricha,296.1,0.0001255380807621197,0.9935087908836006
BD: Honeydew,293.42,0.00012440183605951085,0.9936331927196601
001: fruity,292.26,0.00012391002865091896,0.993757102748311
GFD: Matcha Black Sesame Donut,290.67,0.0001232359133236249,0.9938803386616346
GFD: Key Lime,290.39,0.0001231172011905165,0.9940034558628251
GFD: Strawberry Donut,289.8,0.000122867057767181,0.9941263229205923
GFD passion fruit blueberry,285.67,0.00012111605380383226,0.9942474389743962
Strawberry Yakult Mint Tonic,278.76,0.00011818640794747884,0.9943656253823436
GFD: Matcha Coconut,278.37,0.00011802105890493502,0.9944836464412485
BD: Valentines Day,278.34,0.00011800833974781625,0.9946016547809964
GFD: Strawb Yuzu,277.39,0.00011760556643905565,0.9947192603474354
GFD: Passionfruit Raspberry,275.44,0.00011677882122633654,0.9948360391686617
Olive Oil Grapefruit Cake,274.4,0.00011633789044621966,0.9949523770591079
Chocolate Passionfruit Loaf,264.93,0.00011232287651573242,0.9950646999356236
Ube Strawberry Milk,262.27,0.00011119511125120273,0.9951758950468749
GFD: Lemon Yuzu,262.27,0.00011119511125120273,0.9952870901581261
GFD: Tiramisu,261.63,0.00011092376923266928,0.9953980139273588
Orange Olive Oil Cake,257.63,0.00010922788161683518,0.9955072418089757
Tart: Golden Kiwi,250.0,0.00010599297598963163,0.9956132347849653
Kabocha Spice Hojicha Cream Top,244.51,0.0001036653702368993,0.9957169001552022
Banana Oreo,242.73,0.00010291070024785313,0.99581981085545
Pumpkin Hojicha Spice,242.21,0.0001026902348577947,0.9959225010903078
GFD: Almond Dark,242.12,0.00010265207738643844,0.9960251531676942
MD: Anko,239.23,0.00010142679858399829,0.9961265799662783
Matcha Cheesecake,231.8,9.827668733758644e-05,0.9962248566536159
GFD: matcha yuzu,230.55,9.774672245763828e-05,0.9963226033760736
CH: Strawberry,229.27,9.720403842057137e-05,0.9964198074144942
Raspberry Yogurt,225.05,9.541487698586639e-05,0.99651522229148
GFD: Chocolate Pomegranate,221.0,9.369779077483435e-05,0.9966089200822549
Mango Cheesecake,220.52,9.349428426093426e-05,0.9967024143665159
Spiced Apple Cider,218.75,9.274385399092767e-05,0.9967951582205068
CH: Hojicha Caramel,216.7,9.187471158781269e-05,0.9968870329320946
Strawberry Daifuku,216.0,9.157793125504172e-05,0.9969786108633496
BD: Black Sesame,213.67,9.059007671881835e-05,0.9970692009400685
Kabocha Spice Espresso Cream Top,208.95,8.85889293321341e-05,0.9971577898694006
Strawberry Matcha Cookie,206.5,8.755019816743572e-05,0.997245340067568
Kabocha Milk,200.98,8.520987325758464e-05,0.9973305499408256
horchata hojicha,199.03,8.438312804486553e-05,0.9974149330688704
GFD: Mango Calpico,174.04,7.378807016494195e-05,0.9974887211390353
Guava Lemonade,173.25,7.345313236081471e-05,0.9975621742713962
Butterfly Lychee Ade,172.6,7.317755062324167e-05,0.9976353518220193
Black Sesame Loaf,166.95,7.078210936587599e-05,0.9977061339313852
Wild Blueberry Spritz,158.95,6.739033413420777e-05,0.9977735242655194
GFD: Matcha strawberry,158.93,6.738185469612862e-05,0.9978409061202155
GFD: guava dark choco,152.75,6.476170832966491e-05,0.9979056678285452
peach lemonade,150.94,6.399431918349998e-05,0.9979696621477286
GFD: choc pistachio,147.56,6.256129414812017e-05,0.9980322234418768
GFD: Piña Colada,146.25,6.20058909539345e-05,0.9980942293328308
Pumpkin Cheesecake Hojicha,138.01,5.851236246531624e-05,0.9981527416952961
GFD: Strawberry yuzu,135.39,5.7401556076944896e-05,0.998210143251373
GF Blueberry donut,135.0,5.7236207034401076e-05,0.9982673794584074
GF ssuk donut,133.25,5.6494256202473656e-05,0.9983238737146098
Glutenous Rice,128.0,5.426840370669139e-05,0.9983781421183165
GFM - TBD,127.5,5.405641775471213e-05,0.9984321985360712
Passionfruit Lemonade,127.0,5.384443180273286e-05,0.998486042967874
Mango Lemonade,125.48,5.31999945087159e-05,0.9985392429623827
POG Ade,124.55,5.2805700638034474e-05,0.9985920486630208
GF: black sésame donut,124.35,5.272090625724276e-05,0.9986447695692781
Shiso Loaf,123.75,5.2466523114867655e-05,0.9986972360923929
ube horchata,122.52,5.1945037672998664e-05,0.9987491811300659
GFD: Matcha Matcha,120.25,5.098262145101281e-05,0.9988001637515169
lemon yuzu lemonade,117.5,4.981669871512686e-05,0.9988499804502321
GFD: Mango pineapple,117.0,4.96047127631476e-05,0.9988995851629953
MD: Honey Gochujang,114.0,4.833279705127202e-05,0.9989479179600466
SS: Strawberry Coconut Cloud,111.0,4.706088133939644e-05,0.998994978841386
horchata latte,108.0,4.578896562752086e-05,0.9990407678070136
GFD: Choco. Sprinkles,107.9,4.574656843712501e-05,0.9990865143754507
GFD: jasmine,100.75,4.2715169323821545e-05,0.9991292295447746
GFD:Cranberry Spice,98.64,4.182058860646905e-05,0.999171050133381
GFD: Choc Peanut Butter,97.5,4.1337260635956333e-05,0.999212387394017
Strawberry Shortbread Cookies,96.02,4.070978221809771e-05,0.9992530971762351
Hojicha Persimmon Latte,94.25,3.995935194809112e-05,0.9992930565281832
BD: Coconut Sago Cream Mango,90.28,3.827618348937577e-05,0.9993313327116726
Popcorn Chicken,88.0,3.730952754835033e-05,0.999368642239221
Raspberry Lychee Lemonade,85.31,3.6169043126701895e-05,0.9994048112823477
2 dozen mochi donuts,84.0,3.5613639932516224e-05,0.9994404249222802
GFD: matcha passion fruit,79.52,3.371424580278202e-05,0.999474139168083
Shine Muscat Daifuku,76.5,3.243385065282728e-05,0.9995065730187359
Blueberry Scone,73.0,3.094994898897243e-05,0.9995375229677249
SS: Mango Yakult Milk,68.95,2.92328627779404e-05,0.9995667558305028
Matcha Scone,68.17,2.890216469285275e-05,0.9995956579951957
GFD: Matcha raspberry,65.98,2.797366622318358e-05,0.9996236316614189
Lav. Lemonade,65.63,2.782527605679809e-05,0.9996514569374757
GFD: yuzu,63.86,2.70748457867915e-05,0.9996785317832625
SS: Hojicha Hot Chocolate,63.06,2.673566826362468e-05,0.9997052674515261
Lemon Yuzu Sparkling Ade,56.25,2.3848419597667114e-05,0.9997291158711238
hojacha latte,49.0,2.0774623293967798e-05,0.9997498904944178
JY: Ssuk Marble,35.0,1.4839016638548427e-05,0.9997647295110563
Strawberry Nesquik,33.71,1.4292092882441928e-05,0.9997790216039387
Large Cream,32.03,1.3579820083791604e-05,0.9997926014240225
Shot Espresso,31.64,1.3414471041247778e-05,0.9998060158950637
Lemon Shortbread,31.05,1.3164327617912247e-05,0.9998191802226816
Espresso Double Shot,30.0,1.2719157118755794e-05,0.9998318993798003
egg coffee,26.0,1.102326950292169e-05,0.9998429226493033
hojicha mochi muffin,25.5,1.0811283550942426e-05,0.9998537339328543
extra black sesame,25.48,1.0802804112863254e-05,0.9998645367369671
Extra Black Sesame,24.0,1.0175325695004635e-05,0.9998747120626621
large cream,23.77,1.0077812157094174e-05,0.9998847898748192
Butterfly Lav. Lemonade,23.0,9.751353791046108e-06,0.9998945412286102
MD: White Peach n Cream,21.0,8.903409983129056e-06,0.9999034446385934
double shot,20.74,8.793177288099839e-06,0.9999122378158815
JY: Misu Cookie,20.0,8.47943807917053e-06,0.9999207172539606
MD: Mango peach pie,19.95,8.458239483972603e-06,0.9999291754934445
KiKi Cookie,19.5,8.267452127191266e-06,0.9999374429455717
BD: Matcha Raspberry Lychee,17.25,7.313515343284582e-06,0.9999447564609151
Banana Caramel,16.5,6.995536415315687e-06,0.9999517519973304
Cinnamon Sugar,16.25,6.8895434393260556e-06,0.9999586415407697
JY: Madeline,16.0,6.783550463336424e-06,0.9999654250912331
Espresso Single Shot,11.78,4.9943890286314415e-06,0.9999704194802618
Lavender Lemonade,10.5,4.451704991564528e-06,0.9999748711852533
apple pie,9.97,4.226999882466509e-06,0.9999790981851358
GFD:Thai Tea,8.5,3.603761183647475e-06,0.9999827019463194
MM: Ube,8.5,3.603761183647475e-06,0.9999863057075031
Single Shot,5.25,2.225852495782264e-06,0.9999885315599989
GFM: pandan,4.25,1.8018805918237375e-06,0.9999903334405907
Black Sesame Cream On Side,3.75,1.5898946398444742e-06,0.9999919233352306
MD: White Peaches n' Cream,3.5,1.4839016638548427e-06,0.9999934072368944
banoffee,3.15,1.3355114974693584e-06,0.999994742748392
kiwi lime,3.15,1.3355114974693584e-06,0.9999960782598895
MD: Brown Butter Sage,3.0,1.2719157118755794e-06,0.9999973501756013
Cream,2.5,1.0599297598963161e-06,0.9999984101053612
Strawberry Rose Cream On The Side,1.75,7.419508319274213e-07,0.999999152056193
Cup Coconut Water,1.5,6.359578559377897e-07,0.999999788014049
Sub Oat,0.5,2.1198595197926324e-07,1.0000000000000009
First Visit,0.0,0.0,1.0000000000000009
With Lid,0.0,0.0,1.0000000000000009
Yuzu Tart,0.0,0.0,1.0000000000000009
Barley Tea Big Cup,0.0,0.0,1.0000000000000009
Water,0.0,0.0,1.0000000000000009
Acai Bowl,0.0,0.0,1.0000000000000009
Iced Americano,0.0,0.0,1.0000000000000009
BD: Hojicha Strawberry,0.0,0.0,1.0000000000000009
MD: Strawberry Sumac,0.0,0.0,1.0000000000000009
BD: Mango matcha,0.0,0.0,1.0000000000000009
Pup Cup,0.0,0.0,1.0000000000000009
Kids Cup,0.0,0.0,1.0000000000000009
choux,0.0,0.0,1.0000000000000009
choco cupcake,0.0,0.0,1.0000000000000009
